NGÀY BẮT ĐẦU,ID TÀI KHOẢN,TÊN TÀI KHOẢN,ID CHIẾN DỊCH,TÊN CHIẾN DỊCH,CHI TIÊU CHIẾN DỊCH (VND),SỐ MESS,SỐ LEAD
2026-09-01,772331032530839,Bao Bao 1,52541300809182,30/4_Sun Urban Tuấn SRT ĐB 096.1199.875 - SRT DB-S5-9.3,1663738,5,5
2026-09-01,772331032530839,Bao Bao 1,52617701265182,Mess thường_Sun Centro_Đồng_SRT ĐB - SRT DB-S8-9.5,0,0,0
2026-09-02,772331032530839,Bao Bao 1,52541300809182,30/4_Sun Urban Tuấn SRT ĐB 096.1199.875 - SRT DB-S5-9.3,2532927,8,8
2026-09-03,772331032530839,Bao Bao 1,52541300809182,30/4_Sun Urban Tuấn SRT ĐB 096.1199.875 - SRT DB-S5-9.3,2111115,3,4
2026-09-03,772331032530839,Bao Bao 1,52617701265182,Mess thường_Sun Centro_Đồng_SRT ĐB - SRT DB-S8-9.5,515672,0,0
2026-09-04,772331032530839,Bao Bao 1,52541300809182,30/4_Sun Urban Tuấn SRT ĐB 096.1199.875 - SRT DB-S5-9.3,2317684,10,9
2026-09-04,772331032530839,Bao Bao 1,52617701265182,Mess thường_Sun Centro_Đồng_SRT ĐB - SRT DB-S8-9.5,1010936,1,0
2026-09-05,772331032530839,Bao Bao 1,52541300809182,30/4_Sun Urban Tuấn SRT ĐB 096.1199.875 - SRT DB-S5-9.3,1837324,7,6
2026-09-05,772331032530839,Bao Bao 1,52617701265182,Mess thường_Sun Centro_Đồng_SRT ĐB - SRT DB-S8-9.5,683703,5,0
2026-09-06,772331032530839,Bao Bao 1,52541300809182,30/4_Sun Urban Tuấn SRT ĐB 096.1199.875 - SRT DB-S5-9.3,1992084,4,4
2026-09-06,772331032530839,Bao Bao 1,52617701265182,Mess thường_Sun Centro_Đồng_SRT ĐB - SRT DB-S8-9.5,1448959,3,1
2026-09-07,772331032530839,Bao Bao 1,52541300809182,30/4_Sun Urban Tuấn SRT ĐB 096.1199.875 - SRT DB-S5-9.3,1448712,1,1
2026-09-07,772331032530839,Bao Bao 1,52617701265182,Mess thường_Sun Centro_Đồng_SRT ĐB - SRT DB-S8-9.5,972387,2,0
2026-09-07,772331032530839,Bao Bao 1,52623274897782,Lead_Sun Centro_Đồng_SRT ĐB - SRT DB-S8-9.5,91350,0,0
2026-09-08,772331032530839,Bao Bao 1,52541300809182,30/4_Sun Urban Tuấn SRT ĐB 096.1199.875 - SRT DB-S5-9.3,1661202,3,3
2026-09-08,772331032530839,Bao Bao 1,52617701265182,Mess thường_Sun Centro_Đồng_SRT ĐB - SRT DB-S8-9.5,199788,0,0
2026-09-08,772331032530839,Bao Bao 1,52623274897782,Lead_Sun Centro_Đồng_SRT ĐB - SRT DB-S8-9.5,666431,0,0
2026-09-09,772331032530839,Bao Bao 1,52541300809182,30/4_Sun Urban Tuấn SRT ĐB 096.1199.875 - SRT DB-S5-9.3,1969361,6,4
2026-09-09,772331032530839,Bao Bao 1,52617701265182,Mess thường_Sun Centro_Đồng_SRT ĐB - SRT DB-S8-9.5,42486,0,0
2026-09-09,772331032530839,Bao Bao 1,52623274897782,Lead_Sun Centro_Đồng_SRT ĐB - SRT DB-S8-9.5,767193,0,0
2026-09-10,772331032530839,Bao Bao 1,52541300809182,30/4_Sun Urban Tuấn SRT ĐB 096.1199.875 - SRT DB-S5-9.3,1689387,4,5
2026-09-10,772331032530839,Bao Bao 1,52617701265182,Mess thường_Sun Centro_Đồng_SRT ĐB - SRT DB-S8-9.5,870829,6,0
2026-09-10,772331032530839,Bao Bao 1,52623274897782,Lead_Sun Centro_Đồng_SRT ĐB - SRT DB-S8-9.5,1036081,1,1
2026-09-11,772331032530839,Bao Bao 1,52541300809182,30/4_Sun Urban Tuấn SRT ĐB 096.1199.875 - SRT DB-S5-9.3,1537209,1,1
2026-09-11,772331032530839,Bao Bao 1,52617701265182,Mess thường_Sun Centro_Đồng_SRT ĐB - SRT DB-S8-9.5,879201,3,0
2026-09-11,772331032530839,Bao Bao 1,52623274897782,Lead_Sun Centro_Đồng_SRT ĐB - SRT DB-S8-9.5,800204,1,1
2026-09-12,772331032530839,Bao Bao 1,52541300809182,30/4_Sun Urban Tuấn SRT ĐB 096.1199.875 - SRT DB-S5-9.3,746863,3,3
2026-09-12,772331032530839,Bao Bao 1,52617701265182,Mess thường_Sun Centro_Đồng_SRT ĐB - SRT DB-S8-9.5,552940,6,0
2026-09-12,772331032530839,Bao Bao 1,52623274897782,Lead_Sun Centro_Đồng_SRT ĐB - SRT DB-S8-9.5,456076,0,0
2026-09-13,772331032530839,Bao Bao 1,52541300809182,30/4_Sun Urban Tuấn SRT ĐB 096.1199.875 - SRT DB-S5-9.3,1130193,3,3
2026-09-13,772331032530839,Bao Bao 1,52617701265182,Mess thường_Sun Centro_Đồng_SRT ĐB - SRT DB-S8-9.5,916546,9,1
2026-09-13,772331032530839,Bao Bao 1,52623274897782,Lead_Sun Centro_Đồng_SRT ĐB - SRT DB-S8-9.5,680481,1,1
2026-09-14,772331032530839,Bao Bao 1,52541300809182,30/4_Sun Urban Tuấn SRT ĐB 096.1199.875 - SRT DB-S5-9.3,927273,4,4
2026-09-14,772331032530839,Bao Bao 1,52617701265182,Mess thường_Sun Centro_Đồng_SRT ĐB - SRT DB-S8-9.5,797735,12,1
2026-09-14,772331032530839,Bao Bao 1,52623274897782,Lead_Sun Centro_Đồng_SRT ĐB - SRT DB-S8-9.5,785551,0,0
2026-09-15,772331032530839,Bao Bao 1,52541300809182,30/4_Sun Urban Tuấn SRT ĐB 096.1199.875 - SRT DB-S5-9.3,842342,2,2
2026-09-15,772331032530839,Bao Bao 1,52617701265182,Mess thường_Sun Centro_Đồng_SRT ĐB - SRT DB-S8-9.5,573027,5,0
2026-09-15,772331032530839,Bao Bao 1,52623274897782,Lead_Sun Centro_Đồng_SRT ĐB - SRT DB-S8-9.5,693261,0,0
2026-09-16,772331032530839,Bao Bao 1,52541300809182,30/4_Sun Urban Tuấn SRT ĐB 096.1199.875 - SRT DB-S5-9.3,848818,2,3
2026-09-16,772331032530839,Bao Bao 1,52617701265182,Mess thường_Sun Centro_Đồng_SRT ĐB - SRT DB-S8-9.5,584302,8,1
2026-09-16,772331032530839,Bao Bao 1,52623274897782,Lead_Sun Centro_Đồng_SRT ĐB - SRT DB-S8-9.5,507179,0,0
2026-09-17,772331032530839,Bao Bao 1,52541300809182,30/4_Sun Urban Tuấn SRT ĐB 096.1199.875 - SRT DB-S5-9.3,927254,5,5
2026-09-17,772331032530839,Bao Bao 1,52617701265182,Mess thường_Sun Centro_Đồng_SRT ĐB - SRT DB-S8-9.5,285563,3,0
2026-09-17,772331032530839,Bao Bao 1,52623274897782,Lead_Sun Centro_Đồng_SRT ĐB - SRT DB-S8-9.5,569497,0,0
2026-09-18,772331032530839,Bao Bao 1,52541300809182,30/4_Sun Urban Tuấn SRT ĐB 096.1199.875 - SRT DB-S5-9.3,761799,0,1
2026-09-18,772331032530839,Bao Bao 1,52617701265182,Mess thường_Sun Centro_Đồng_SRT ĐB - SRT DB-S8-9.5,318601,0,1
2026-09-18,772331032530839,Bao Bao 1,52623274897782,Lead_Sun Centro_Đồng_SRT ĐB - SRT DB-S8-9.5,537806,0,0
2026-09-19,772331032530839,Bao Bao 1,52541300809182,30/4_Sun Urban Tuấn SRT ĐB 096.1199.875 - SRT DB-S5-9.3,766574,4,4
2026-09-19,772331032530839,Bao Bao 1,52617701265182,Mess thường_Sun Centro_Đồng_SRT ĐB - SRT DB-S8-9.5,165030,1,0
2026-09-19,772331032530839,Bao Bao 1,52623274897782,Lead_Sun Centro_Đồng_SRT ĐB - SRT DB-S8-9.5,607904,0,0
2026-09-20,772331032530839,Bao Bao 1,52541300809182,30/4_Sun Urban Tuấn SRT ĐB 096.1199.875 - SRT DB-S5-9.3,1137500,4,4
2026-09-20,772331032530839,Bao Bao 1,52617701265182,Mess thường_Sun Centro_Đồng_SRT ĐB - SRT DB-S8-9.5,640907,4,0
2026-09-20,772331032530839,Bao Bao 1,52623274897782,Lead_Sun Centro_Đồng_SRT ĐB - SRT DB-S8-9.5,564783,0,0
2026-09-21,772331032530839,Bao Bao 1,52541300809182,30/4_Sun Urban Tuấn SRT ĐB 096.1199.875 - SRT DB-S5-9.3,640577,0,0
2026-09-21,772331032530839,Bao Bao 1,52617701265182,Mess thường_Sun Centro_Đồng_SRT ĐB - SRT DB-S8-9.5,407823,2,0
2026-09-21,772331032530839,Bao Bao 1,52623274897782,Lead_Sun Centro_Đồng_SRT ĐB - SRT DB-S8-9.5,316358,0,0
2026-09-21,772331032530839,Bao Bao 1,52626374903782,Lead_Sun Centro_Đồng_SRT ĐB - SRT DB-S8-9.5 - Bản sao,54905,0,0
2026-09-22,772331032530839,Bao Bao 1,52541300809182,30/4_Sun Urban Tuấn SRT ĐB 096.1199.875 - SRT DB-S5-9.3,776899,2,2
2026-09-22,772331032530839,Bao Bao 1,52617701265182,Mess thường_Sun Centro_Đồng_SRT ĐB - SRT DB-S8-9.5,56995,0,1
2026-09-22,772331032530839,Bao Bao 1,52626374903782,Lead_Sun Centro_Đồng_SRT ĐB - SRT DB-S8-9.5 - Bản sao,177328,0,0
2026-09-23,772331032530839,Bao Bao 1,52541300809182,30/4_Sun Urban Tuấn SRT ĐB 096.1199.875 - SRT DB-S5-9.3,1073432,1,1
2026-09-24,772331032530839,Bao Bao 1,52541300809182,30/4_Sun Urban Tuấn SRT ĐB 096.1199.875 - SRT DB-S5-9.3,738117,3,3
2026-09-25,772331032530839,Bao Bao 1,52541300809182,30/4_Sun Urban Tuấn SRT ĐB 096.1199.875 - SRT DB-S5-9.3,1037794,1,1
2026-09-25,772331032530839,Bao Bao 1,52617701265182,Mess thường_Sun Centro_Đồng_SRT ĐB - SRT DB-S8-9.5,0,0,0
2026-09-26,772331032530839,Bao Bao 1,52541300809182,30/4_Sun Urban Tuấn SRT ĐB 096.1199.875 - SRT DB-S5-9.3,791528,2,2
2026-09-26,772331032530839,Bao Bao 1,52617701265182,Mess thường_Sun Centro_Đồng_SRT ĐB - SRT DB-S8-9.5,0,0,0
2026-09-27,772331032530839,Bao Bao 1,52541300809182,30/4_Sun Urban Tuấn SRT ĐB 096.1199.875 - SRT DB-S5-9.3,519649,1,2
2026-09-19,1293383992700638,Ngọc Hải 9,52604029907275,19/9_Thấp Tầng The Vista_Hoàng Hải_Trí Long,312428,0,0
2026-09-20,1293383992700638,Ngọc Hải 9,52604029907275,19/9_Thấp Tầng The Vista_Hoàng Hải_Trí Long,267585,1,0
2026-09-20,1293383992700638,Ngọc Hải 9,52604150112075,19/9_Thấp Tầng The Vista_Hoàng Hải_Trí Long - Bản sao,410458,3,0
2026-09-21,1293383992700638,Ngọc Hải 9,52604029907275,19/9_Thấp Tầng The Vista_Hoàng Hải_Trí Long,0,0,0
2026-09-21,1293383992700638,Ngọc Hải 9,52604150112075,19/9_Thấp Tầng The Vista_Hoàng Hải_Trí Long - Bản sao,208072,0,0
2026-09-21,1293383992700638,Ngọc Hải 9,52604255343275,19/9_Thấp Tầng The Vista_Hoàng Hải_Trí Long - Bản sao 2,232572,0,0
2026-09-21,1293383992700638,Ngọc Hải 9,52604264381475,19/9_Thấp Tầng The Vista_Hoàng Hải_Trí Long - Bản sao 3,167161,1,0
2026-09-22,1293383992700638,Ngọc Hải 9,52604150112075,19/9_Thấp Tầng The Vista_Hoàng Hải_Trí Long - Bản sao,0,0,0
2026-09-22,1293383992700638,Ngọc Hải 9,52604255343275,19/9_Thấp Tầng The Vista_Hoàng Hải_Trí Long - Bản sao 2,25384,0,0
2026-09-22,1293383992700638,Ngọc Hải 9,52604264381475,19/9_Thấp Tầng The Vista_Hoàng Hải_Trí Long - Bản sao 3,69930,1,0
2026-09-22,1293383992700638,Ngọc Hải 9,52604387264075,19/9_Thấp Tầng The Vista_Hoàng Hải_Trí Long - Bản sao 4,1264,0,0
2026-09-22,1293383992700638,Ngọc Hải 9,52604473886075,19/9_Thấp Tầng The Vista_Hoàng Hải_Trí Long - Bản sao 5,124233,5,0
2026-09-22,1293383992700638,Ngọc Hải 9,52604474807275,22/9_Thấp Tầng The Vista_Hoàng Hải_Trí Long_Page mới,526813,1,0
2026-09-23,1293383992700638,Ngọc Hải 9,52604029907275,19/9_Thấp Tầng The Vista_Hoàng Hải_Trí Long,0,0,0
2026-09-23,1293383992700638,Ngọc Hải 9,52604473886075,19/9_Thấp Tầng The Vista_Hoàng Hải_Trí Long - Bản sao 5,0,0,0
2026-09-23,1293383992700638,Ngọc Hải 9,52604474807275,22/9_Thấp Tầng The Vista_Hoàng Hải_Trí Long_Page mới,97736,1,0
2026-09-23,1293383992700638,Ngọc Hải 9,52604674817275,22/9_Thấp Tầng The Vista_Hoàng Hải_Trí Long_Page mới - Bản sao,206268,0,0
2026-09-23,1293383992700638,Ngọc Hải 9,52604684467075,22/9_Thấp Tầng The Vista_Hoàng Hải_Trí Long_Page mới - Bản sao 2,110235,1,0
2026-09-23,1293383992700638,Ngọc Hải 9,52604753931675,23/9_Thấp Tầng The Vista_Hoàng Hải_Trí Long_Page mới - Bản sao 3,109078,1,0
2026-09-23,1293383992700638,Ngọc Hải 9,52604754981875,23/9_Thấp Tầng The Vista_Hoàng Hải_Trí Long_Page mới - Bản sao 4,194578,6,0
2026-09-23,1293383992700638,Ngọc Hải 9,52604760264075,23/9_Thấp Tầng The Vista_Hoàng Hải_Trí Long_Page mới - Bản sao 5,88182,1,0
2026-09-23,1293383992700638,Ngọc Hải 9,52604764497675,23/9_Thấp Tầng The Vista_Hoàng Hải_Trí Long_Page mới - Bản sao 6,101586,1,0
2026-09-24,1293383992700638,Ngọc Hải 9,52604029907275,19/9_Thấp Tầng The Vista_Hoàng Hải_Trí Long,0,0,0
2026-09-24,1293383992700638,Ngọc Hải 9,52604255343275,19/9_Thấp Tầng The Vista_Hoàng Hải_Trí Long - Bản sao 2,0,0,0
2026-09-24,1293383992700638,Ngọc Hải 9,52604474807275,22/9_Thấp Tầng The Vista_Hoàng Hải_Trí Long_Page mới,0,0,0
2026-09-24,1293383992700638,Ngọc Hải 9,52604753931675,23/9_Thấp Tầng The Vista_Hoàng Hải_Trí Long_Page mới - Bản sao 3,397065,1,0
2026-09-24,1293383992700638,Ngọc Hải 9,52604754981875,23/9_Thấp Tầng The Vista_Hoàng Hải_Trí Long_Page mới - Bản sao 4,954181,8,0
2026-09-24,1293383992700638,Ngọc Hải 9,52604760264075,23/9_Thấp Tầng The Vista_Hoàng Hải_Trí Long_Page mới - Bản sao 5,212844,1,0
2026-09-24,1293383992700638,Ngọc Hải 9,52604764497675,23/9_Thấp Tầng The Vista_Hoàng Hải_Trí Long_Page mới - Bản sao 6,327479,1,0
2026-09-25,1293383992700638,Ngọc Hải 9,52604684467075,22/9_Thấp Tầng The Vista_Hoàng Hải_Trí Long_Page mới - Bản sao 2,0,0,0
2026-09-25,1293383992700638,Ngọc Hải 9,52604753931675,23/9_Thấp Tầng The Vista_Hoàng Hải_Trí Long_Page mới - Bản sao 3,317218,2,0
2026-09-25,1293383992700638,Ngọc Hải 9,52604754981875,23/9_Thấp Tầng The Vista_Hoàng Hải_Trí Long_Page mới - Bản sao 4,901037,6,0
2026-09-25,1293383992700638,Ngọc Hải 9,52604760264075,23/9_Thấp Tầng The Vista_Hoàng Hải_Trí Long_Page mới - Bản sao 5,233485,3,0
2026-09-25,1293383992700638,Ngọc Hải 9,52604764497675,23/9_Thấp Tầng The Vista_Hoàng Hải_Trí Long_Page mới - Bản sao 6,353690,2,0
2026-09-26,1293383992700638,Ngọc Hải 9,52604753931675,23/9_Thấp Tầng The Vista_Hoàng Hải_Trí Long_Page mới - Bản sao 3,213128,2,0
2026-09-26,1293383992700638,Ngọc Hải 9,52604754981875,23/9_Thấp Tầng The Vista_Hoàng Hải_Trí Long_Page mới - Bản sao 4,938667,14,0
2026-09-26,1293383992700638,Ngọc Hải 9,52604760264075,23/9_Thấp Tầng The Vista_Hoàng Hải_Trí Long_Page mới - Bản sao 5,195334,1,0
2026-09-26,1293383992700638,Ngọc Hải 9,52604764497675,23/9_Thấp Tầng The Vista_Hoàng Hải_Trí Long_Page mới - Bản sao 6,142771,1,0
2026-09-27,1293383992700638,Ngọc Hải 9,52604753931675,23/9_Thấp Tầng The Vista_Hoàng Hải_Trí Long_Page mới - Bản sao 3,3893,0,0
2026-09-27,1293383992700638,Ngọc Hải 9,52604754981875,23/9_Thấp Tầng The Vista_Hoàng Hải_Trí Long_Page mới - Bản sao 4,491398,9,0
2026-09-27,1293383992700638,Ngọc Hải 9,52604760264075,23/9_Thấp Tầng The Vista_Hoàng Hải_Trí Long_Page mới - Bản sao 5,149545,2,0
2026-09-27,1293383992700638,Ngọc Hải 9,52604764497675,23/9_Thấp Tầng The Vista_Hoàng Hải_Trí Long_Page mới - Bản sao 6,150,0,0
2026-09-27,1293383992700638,Ngọc Hải 9,52605395515675,23/9_Thấp Tầng The Vista_Hoàng Hải_Trí Long_Page mới - Bản sao 7,175084,2,0
2026-09-27,1293383992700638,Ngọc Hải 9,52605395610875,23/9_Thấp Tầng The Vista_Hoàng Hải_Trí Long_Page mới - Bản sao 4,249516,2,0
2026-09-12,26920866814271028,con mèo ơi 3,52584824408503,12/09_FourS Duy Quang_May38_0905999381,375597,0,0
2026-09-13,26920866814271028,con mèo ơi 3,52584824408503,12/09_FourS Duy Quang_May38_0905999381,488340,1,1
2026-09-13,26920866814271028,con mèo ơi 3,52585050562903,12/09_FourS Duy Quang_May38_0905999381 - Bản sao,90512,0,0
2026-09-14,26920866814271028,con mèo ơi 3,52584824408503,12/09_FourS Duy Quang_May38_0905999381,275073,0,0
2026-09-14,26920866814271028,con mèo ơi 3,52585050562903,12/09_FourS Duy Quang_May38_0905999381 - Bản sao,583596,1,1
2026-09-15,26920866814271028,con mèo ơi 3,52584824408503,12/09_FourS Duy Quang_May38_0905999381,202904,0,0
2026-09-15,26920866814271028,con mèo ơi 3,52585050562903,12/09_FourS Duy Quang_May38_0905999381 - Bản sao,207918,1,1
2026-09-15,26920866814271028,con mèo ơi 3,52585241881503,12/09_FourS Duy Quang_May38_0905999381 - Bản sao,124211,0,0
2026-09-15,26920866814271028,con mèo ơi 3,52585374543503,15/09_FourS Duy Quang_May38_0905999381 - Bản sao 2,130853,0,0
2026-09-16,26920866814271028,con mèo ơi 3,52584824408503,12/09_FourS Duy Quang_May38_0905999381,46082,0,0
2026-09-16,26920866814271028,con mèo ơi 3,52585050562903,12/09_FourS Duy Quang_May38_0905999381 - Bản sao,188333,0,0
2026-09-16,26920866814271028,con mèo ơi 3,52585241881503,12/09_FourS Duy Quang_May38_0905999381 - Bản sao,220747,0,0
2026-09-16,26920866814271028,con mèo ơi 3,52585374543503,15/09_FourS Duy Quang_May38_0905999381 - Bản sao 2,84698,0,0
2026-09-16,26920866814271028,con mèo ơi 3,52585618053503,16/09_FourS Duy Quang_May38_0905999381 - Bản sao 2,283593,0,0
2026-09-17,26920866814271028,con mèo ơi 3,52585241881503,12/09_FourS Duy Quang_May38_0905999381 - Bản sao,211808,0,0
2026-09-17,26920866814271028,con mèo ơi 3,52585618053503,16/09_FourS Duy Quang_May38_0905999381 - Bản sao 2,194343,1,1
2026-09-17,26920866814271028,con mèo ơi 3,52585723259703,18/09_FourS Duy Quang_May38_0905999381 - Bản sao 2,377246,1,1
2026-09-17,26920866814271028,con mèo ơi 3,52585973138303,16/09_FourS Duy Quang_May38_0905999381 - Bản sao 3,43813,0,0
2026-09-18,26920866814271028,con mèo ơi 3,52585241881503,12/09_FourS Duy Quang_May38_0905999381 - Bản sao,49863,0,0
2026-09-18,26920866814271028,con mèo ơi 3,52585723259703,18/09_FourS Duy Quang_May38_0905999381 - Bản sao 2,433589,1,1
2026-09-18,26920866814271028,con mèo ơi 3,52585973138303,16/09_FourS Duy Quang_May38_0905999381 - Bản sao 3,174886,0,0
2026-09-18,26920866814271028,con mèo ơi 3,52586086044903,18/09_FourS Duy Quang_May38_0905999381 - Bản sao 2,344933,1,1
2026-09-19,26920866814271028,con mèo ơi 3,52585723259703,18/09_FourS Duy Quang_May38_0905999381 - Bản sao 2,164466,0,0
2026-09-19,26920866814271028,con mèo ơi 3,52585973138303,16/09_FourS Duy Quang_May38_0905999381 - Bản sao 3,71065,1,1
2026-09-19,26920866814271028,con mèo ơi 3,52586086044903,18/09_FourS Duy Quang_May38_0905999381 - Bản sao 2,225551,0,0
2026-09-19,26920866814271028,con mèo ơi 3,52586311546903,20/09_FourS Duy Quang_May38_0905999381 - Bản sao 3,251024,0,0
2026-09-19,26920866814271028,con mèo ơi 3,52586312235703,19/09_FourS Duy Quang_May38_0905999381 - Bản sao 4,131518,0,0
2026-09-19,26920866814271028,con mèo ơi 3,52586312702303,19/09_FourS Duy Quang_May38_0905999381 - Bản sao 3,202169,1,1
2026-09-19,26920866814271028,con mèo ơi 3,52586331384503,19/09_FourS Duy Quang_May38_0905999381 - Bản sao 3,125182,0,0
2026-09-20,26920866814271028,con mèo ơi 3,52586311546903,20/09_FourS Duy Quang_May38_0905999381 - Bản sao 3,295458,0,0
2026-09-20,26920866814271028,con mèo ơi 3,52586312235703,19/09_FourS Duy Quang_May38_0905999381 - Bản sao 4,138260,0,0
2026-09-20,26920866814271028,con mèo ơi 3,52586312702303,19/09_FourS Duy Quang_May38_0905999381 - Bản sao 3,530196,1,1
2026-09-20,26920866814271028,con mèo ơi 3,52586331384503,19/09_FourS Duy Quang_May38_0905999381 - Bản sao 3,181224,0,0
2026-09-21,26920866814271028,con mèo ơi 3,52586312702303,19/09_FourS Duy Quang_May38_0905999381 - Bản sao 3,514029,1,1
2026-09-21,26920866814271028,con mèo ơi 3,52586648151303,21/09_FourS Duy Quang_May38_0905999381 - Bản sao 4,116586,0,0
2026-09-21,26920866814271028,con mèo ơi 3,52586663951503,22/09_FourS Duy Quang_May38_0905999381 - Bản sao 3,168760,0,0
2026-09-21,26920866814271028,con mèo ơi 3,52586664774503,16/09_FourS Duy Quang_May38_0905999381 - Bản sao 4,21451,0,0
2026-09-21,26920866814271028,con mèo ơi 3,52586664774703,16/09_FourS Duy Quang_May38_0905999381 - Bản sao 3,19986,0,0
2026-09-21,26920866814271028,con mèo ơi 3,52586664774903,18/09_FourS Duy Quang_May38_0905999381 - Bản sao 3,24997,0,0
2026-09-21,26920866814271028,con mèo ơi 3,52586664779703,12/09_FourS Duy Quang_May38_0905999381 - Bản sao,43491,0,0
2026-09-21,26920866814271028,con mèo ơi 3,52586664781703,12/09_FourS Duy Quang_May38_0905999381 - Bản sao 2,109024,0,0
2026-09-22,26920866814271028,con mèo ơi 3,52586312702303,19/09_FourS Duy Quang_May38_0905999381 - Bản sao 3,405600,1,1
2026-09-22,26920866814271028,con mèo ơi 3,52586648151303,21/09_FourS Duy Quang_May38_0905999381 - Bản sao 4,179994,0,0
2026-09-22,26920866814271028,con mèo ơi 3,52586663951503,22/09_FourS Duy Quang_May38_0905999381 - Bản sao 3,177724,1,1
2026-09-22,26920866814271028,con mèo ơi 3,52586664774503,16/09_FourS Duy Quang_May38_0905999381 - Bản sao 4,28065,0,0
2026-09-22,26920866814271028,con mèo ơi 3,52586664774703,16/09_FourS Duy Quang_May38_0905999381 - Bản sao 3,49547,0,0
2026-09-22,26920866814271028,con mèo ơi 3,52586664774903,18/09_FourS Duy Quang_May38_0905999381 - Bản sao 3,49221,0,0
2026-09-22,26920866814271028,con mèo ơi 3,52586664781703,12/09_FourS Duy Quang_May38_0905999381 - Bản sao 2,197507,1,1
2026-09-22,26920866814271028,con mèo ơi 3,52586930030303,22/09_FourS Duy Quang_May38_0905999381 - Bản sao 4,123577,1,1
2026-09-24,26920866814271028,con mèo ơi 3,52586312702303,19/09_FourS Duy Quang_May38_0905999381 - Bản sao 3,713590,3,3
2026-09-24,26920866814271028,con mèo ơi 3,52586663951503,22/09_FourS Duy Quang_May38_0905999381 - Bản sao 3,279137,0,0
2026-09-24,26920866814271028,con mèo ơi 3,52586664774503,16/09_FourS Duy Quang_May38_0905999381 - Bản sao 4,178161,0,0
2026-09-24,26920866814271028,con mèo ơi 3,52586664774703,16/09_FourS Duy Quang_May38_0905999381 - Bản sao 3,165673,1,1
2026-09-24,26920866814271028,con mèo ơi 3,52586664781703,12/09_FourS Duy Quang_May38_0905999381 - Bản sao 2,254717,0,0
2026-09-24,26920866814271028,con mèo ơi 3,52586930030303,22/09_FourS Duy Quang_May38_0905999381 - Bản sao 4,234456,2,2
2026-09-24,26920866814271028,con mèo ơi 3,52587386557303,25/09_FourS Duy Quang_May38_0905999381 - Bản sao 4,165564,0,0
2026-09-24,26920866814271028,con mèo ơi 3,52587432270703,12/09_FourS Duy Quang_May38_0905999381 - Bản sao 3,94980,0,0
2026-09-25,26920866814271028,con mèo ơi 3,52586312702303,19/09_FourS Duy Quang_May38_0905999381 - Bản sao 3,887807,1,1
2026-09-25,26920866814271028,con mèo ơi 3,52586663951503,22/09_FourS Duy Quang_May38_0905999381 - Bản sao 3,107927,0,0
2026-09-25,26920866814271028,con mèo ơi 3,52586664774503,16/09_FourS Duy Quang_May38_0905999381 - Bản sao 4,53036,0,0
2026-09-25,26920866814271028,con mèo ơi 3,52586664774703,16/09_FourS Duy Quang_May38_0905999381 - Bản sao 3,260208,1,1
2026-09-25,26920866814271028,con mèo ơi 3,52586664781703,12/09_FourS Duy Quang_May38_0905999381 - Bản sao 2,67389,1,0
2026-09-25,26920866814271028,con mèo ơi 3,52586930030303,22/09_FourS Duy Quang_May38_0905999381 - Bản sao 4,424052,0,0
2026-09-25,26920866814271028,con mèo ơi 3,52587386557303,25/09_FourS Duy Quang_May38_0905999381 - Bản sao 4,92146,0,0
2026-09-25,26920866814271028,con mèo ơi 3,52587432270703,12/09_FourS Duy Quang_May38_0905999381 - Bản sao 3,104982,0,0
2026-09-26,26920866814271028,con mèo ơi 3,52586312702303,19/09_FourS Duy Quang_May38_0905999381 - Bản sao 3,667901,2,2
2026-09-26,26920866814271028,con mèo ơi 3,52586664774703,16/09_FourS Duy Quang_May38_0905999381 - Bản sao 3,190002,0,0
2026-09-26,26920866814271028,con mèo ơi 3,52586930030303,22/09_FourS Duy Quang_May38_0905999381 - Bản sao 4,305294,2,2
2026-09-26,26920866814271028,con mèo ơi 3,52587817325303,26/09_FourS Duy Quang_May38_0905999381 - Bản sao 4,125853,1,1
2026-09-27,26920866814271028,con mèo ơi 3,52586312702303,19/09_FourS Duy Quang_May38_0905999381 - Bản sao 3,521600,2,2
2026-09-27,26920866814271028,con mèo ơi 3,52586664774703,16/09_FourS Duy Quang_May38_0905999381 - Bản sao 3,156777,0,0
2026-09-27,26920866814271028,con mèo ơi 3,52586930030303,22/09_FourS Duy Quang_May38_0905999381 - Bản sao 4,272561,0,0
2026-09-27,26920866814271028,con mèo ơi 3,52587817325303,26/09_FourS Duy Quang_May38_0905999381 - Bản sao 4,147321,0,0
2026-09-01,1442290580789685,Lên lên 3,52854809930727,28/08_Mkt Festo Town Luyến - Trang  0383223396 SRT QN Tháng 8  - SRT QN-S5-8.2 - Bản sao 6,0,0,0
2026-09-01,1442290580789685,Lên lên 3,52855710389527,30/08_Mkt Festo Town Luyến - Trang  0383223396 SRT QN Tháng 8  - SRT QN-S5-9.1 - Bản sao 10,133443,0,0
2026-09-01,1442290580789685,Lên lên 3,52856066183727,25/08_Mkt Festo Town Luyến - Trang  0383223396 SRT QN Tháng 8  - SRT QN-S5-9.1- Bản sao 9,512489,1,1
2026-09-02,1442290580789685,Lên lên 3,52852577684527,20/08_Mkt Festo Town Luyến - Trang  0383223396 SRT QN Tháng 8  - SRT QN-S5-8.2 - Bản sao 6,0,0,0
2026-09-02,1442290580789685,Lên lên 3,52855710389527,30/08_Mkt Festo Town Luyến - Trang  0383223396 SRT QN Tháng 8  - SRT QN-S5-9.1 - Bản sao 10,99218,0,0
2026-09-02,1442290580789685,Lên lên 3,52856066183727,25/08_Mkt Festo Town Luyến - Trang  0383223396 SRT QN Tháng 8  - SRT QN-S5-9.1- Bản sao 9,497711,2,0
2026-09-03,1442290580789685,Lên lên 3,52855710389527,30/08_Mkt Festo Town Luyến - Trang  0383223396 SRT QN Tháng 8  - SRT QN-S5-9.1 - Bản sao 10,89721,0,0
2026-09-03,1442290580789685,Lên lên 3,52856066183727,25/08_Mkt Festo Town Luyến - Trang  0383223396 SRT QN Tháng 8  - SRT QN-S5-9.1- Bản sao 9,455098,1,2
2026-09-04,1442290580789685,Lên lên 3,52855710389527,30/08_Mkt Festo Town Luyến - Trang  0383223396 SRT QN Tháng 8  - SRT QN-S5-9.1 - Bản sao 10,71301,0,0
2026-09-04,1442290580789685,Lên lên 3,52856066183727,25/08_Mkt Festo Town Luyến - Trang  0383223396 SRT QN Tháng 8  - SRT QN-S5-9.1- Bản sao 9,421052,0,0
2026-09-05,1442290580789685,Lên lên 3,52855710389527,30/08_Mkt Festo Town Luyến - Trang  0383223396 SRT QN Tháng 8  - SRT QN-S5-9.1 - Bản sao 10,56830,0,0
2026-09-05,1442290580789685,Lên lên 3,52856066183727,25/08_Mkt Festo Town Luyến - Trang  0383223396 SRT QN Tháng 8  - SRT QN-S5-9.1- Bản sao 9,182277,0,0
2026-09-05,1442290580789685,Lên lên 3,52858511076127,05/09_Mkt Festo Town Luyến - Trang  0383223396 SRT QN Tháng 8  - SRT QN-S5-9.1 Bản sao 10,194952,0,0
2026-09-06,1442290580789685,Lên lên 3,52855710389527,30/08_Mkt Festo Town Luyến - Trang  0383223396 SRT QN Tháng 8  - SRT QN-S5-9.1 - Bản sao 10,117194,0,0
2026-09-06,1442290580789685,Lên lên 3,52856066183727,25/08_Mkt Festo Town Luyến - Trang  0383223396 SRT QN Tháng 8  - SRT QN-S5-9.1- Bản sao 9,0,0,0
2026-09-06,1442290580789685,Lên lên 3,52858511076127,05/09_Mkt Festo Town Luyến - Trang  0383223396 SRT QN Tháng 8  - SRT QN-S5-9.1 Bản sao 10,129168,0,0
2026-09-07,1442290580789685,Lên lên 3,52855710389527,30/08_Mkt Festo Town Luyến - Trang  0383223396 SRT QN Tháng 8  - SRT QN-S5-9.1 - Bản sao 10,104206,0,0
2026-09-07,1442290580789685,Lên lên 3,52856066183727,25/08_Mkt Festo Town Luyến - Trang  0383223396 SRT QN Tháng 8  - SRT QN-S5-9.1- Bản sao 9,0,0,0
2026-09-07,1442290580789685,Lên lên 3,52858511076127,05/09_Mkt Festo Town Luyến - Trang  0383223396 SRT QN Tháng 8  - SRT QN-S5-9.1 Bản sao 10,0,0,0
2026-09-07,1442290580789685,Lên lên 3,52858912810127,07/09_Mkt Festo Town Luyến - Trang  0383223396 SRT QN Tháng 8  - SRT QN-S5-9.1,289744,0,0
2026-09-08,1442290580789685,Lên lên 3,52855710389527,30/08_Mkt Festo Town Luyến - Trang  0383223396 SRT QN Tháng 8  - SRT QN-S5-9.1 - Bản sao 10,80890,0,0
2026-09-08,1442290580789685,Lên lên 3,52858912810127,07/09_Mkt Festo Town Luyến - Trang  0383223396 SRT QN Tháng 8  - SRT QN-S5-9.1,138706,0,0
2026-09-08,1442290580789685,Lên lên 3,52859171154327,09/09_Mkt Festo Town Luyến - Trang  0383223396 SRT QN Tháng 8  - SRT QN-S5-9.1 - Bản sao,285654,0,0
2026-09-09,1442290580789685,Lên lên 3,52855710389527,30/08_Mkt Festo Town Luyến - Trang  0383223396 SRT QN Tháng 8  - SRT QN-S5-9.1 - Bản sao 10,90418,0,0
2026-09-09,1442290580789685,Lên lên 3,52856066183727,25/08_Mkt Festo Town Luyến - Trang  0383223396 SRT QN Tháng 8  - SRT QN-S5-9.1- Bản sao 9,0,0,0
2026-09-09,1442290580789685,Lên lên 3,52858912810127,07/09_Mkt Festo Town Luyến - Trang  0383223396 SRT QN Tháng 8  - SRT QN-S5-9.1,0,0,0
2026-09-09,1442290580789685,Lên lên 3,52859171154327,09/09_Mkt Festo Town Luyến - Trang  0383223396 SRT QN Tháng 8  - SRT QN-S5-9.1 - Bản sao,507801,0,0
2026-09-09,1442290580789685,Lên lên 3,52859476757727,09/09_Mkt Festo Town Luyến - Trang  0383223396 SRT QN Tháng 8  - SRT QN-S5-9.1,313367,0,1
2026-09-10,1442290580789685,Lên lên 3,52859171154327,09/09_Mkt Festo Town Luyến - Trang  0383223396 SRT QN Tháng 8  - SRT QN-S5-9.1 - Bản sao,217388,0,0
2026-09-10,1442290580789685,Lên lên 3,52859476757727,09/09_Mkt Festo Town Luyến - Trang  0383223396 SRT QN Tháng 8  - SRT QN-S5-9.1,293396,0,0
2026-09-11,1442290580789685,Lên lên 3,52859171154327,09/09_Mkt Festo Town Luyến - Trang  0383223396 SRT QN Tháng 8  - SRT QN-S5-9.1 - Bản sao,0,0,0
2026-09-11,1442290580789685,Lên lên 3,52859476757727,09/09_Mkt Festo Town Luyến - Trang  0383223396 SRT QN Tháng 8  - SRT QN-S5-9.1,197341,0,0
2026-09-12,1442290580789685,Lên lên 3,52859476757727,09/09_Mkt Festo Town Luyến - Trang  0383223396 SRT QN Tháng 8  - SRT QN-S5-9.1,0,0,0
2026-09-13,1442290580789685,Lên lên 3,52859171154327,09/09_Mkt Festo Town Luyến - Trang  0383223396 SRT QN Tháng 8  - SRT QN-S5-9.1 - Bản sao,0,0,0
2026-09-13,1442290580789685,Lên lên 3,52859476757727,09/09_Mkt Festo Town Luyến - Trang  0383223396 SRT QN Tháng 8  - SRT QN-S5-9.1,0,0,0
2026-09-03,4260946810785263,Top oi 4,23856749714700790,21/5_Sun Symphony 5_Hiếu Vhomes Link 3,754514,1,1
2026-09-04,4260946810785263,Top oi 4,23856749714700790,21/5_Sun Symphony 5_Hiếu Vhomes Link 3,803790,7,8
2026-09-05,4260946810785263,Top oi 4,23856749714700790,21/5_Sun Symphony 5_Hiếu Vhomes Link 3,740103,4,6
2026-09-06,4260946810785263,Top oi 4,23856749714700790,21/5_Sun Symphony 5_Hiếu Vhomes Link 3,714324,3,2
2026-09-07,4260946810785263,Top oi 4,23856749714700790,21/5_Sun Symphony 5_Hiếu Vhomes Link 3,726439,5,6
2026-09-08,4260946810785263,Top oi 4,23856749714700790,21/5_Sun Symphony 5_Hiếu Vhomes Link 3,19765,0,1
2026-09-10,4260946810785263,Top oi 4,23856749714700790,21/5_Sun Symphony 5_Hiếu Vhomes Link 3,1348967,9,9
2026-09-11,4260946810785263,Top oi 4,23856749714700790,21/5_Sun Symphony 5_Hiếu Vhomes Link 3,1260510,5,6
2026-09-12,4260946810785263,Top oi 4,23856749714700790,21/5_Sun Symphony 5_Hiếu Vhomes Link 3,429195,1,3
2026-09-01,1363488494362616,Hai san 3,120250138650500739,01/09_PRIMA BAY S201 A Nam SRT ĐB 097 5700293 -  SRT DB-S2-9.4 - Bản sao 4,155410,0,0
2026-09-02,1363488494362616,Hai san 3,120250138650500739,01/09_PRIMA BAY S201 A Nam SRT ĐB 097 5700293 -  SRT DB-S2-9.4 - Bản sao 4,708588,2,2
2026-09-03,1363488494362616,Hai san 3,120250138650500739,01/09_PRIMA BAY S201 A Nam SRT ĐB 097 5700293 -  SRT DB-S2-9.4 - Bản sao 4,510191,1,1
2026-09-04,1363488494362616,Hai san 3,120250138650500739,01/09_PRIMA BAY S201 A Nam SRT ĐB 097 5700293 -  SRT DB-S2-9.4 - Bản sao 4,325124,0,1
2026-09-04,1363488494362616,Hai san 3,120250180052190739,01/09_PRIMA BAY S201 A Nam SRT ĐB 097 5700293 -  SRT DB-S2-9.4 - Bản sao 5,297022,1,0
2026-09-05,1363488494362616,Hai san 3,120250138650500739,01/09_PRIMA BAY S201 A Nam SRT ĐB 097 5700293 -  SRT DB-S2-9.4 - Bản sao 4,356967,3,2
2026-09-05,1363488494362616,Hai san 3,120250180052190739,01/09_PRIMA BAY S201 A Nam SRT ĐB 097 5700293 -  SRT DB-S2-9.4 - Bản sao 5,444336,0,0
2026-09-06,1363488494362616,Hai san 3,120250138650500739,01/09_PRIMA BAY S201 A Nam SRT ĐB 097 5700293 -  SRT DB-S2-9.4 - Bản sao 4,674025,0,0
2026-09-06,1363488494362616,Hai san 3,120250180052190739,01/09_PRIMA BAY S201 A Nam SRT ĐB 097 5700293 -  SRT DB-S2-9.4 - Bản sao 5,430326,0,1
2026-09-07,1363488494362616,Hai san 3,120250138650500739,01/09_PRIMA BAY S201 A Nam SRT ĐB 097 5700293 -  SRT DB-S2-9.4 - Bản sao 4,323681,0,0
2026-09-07,1363488494362616,Hai san 3,120250180052190739,01/09_PRIMA BAY S201 A Nam SRT ĐB 097 5700293 -  SRT DB-S2-9.4 - Bản sao 5,72009,0,0
2026-09-07,1363488494362616,Hai san 3,120250217546150739,07/09_PRIMA BAY S201 A Nam SRT ĐB 097 5700293 -  SRT DB-S2-9.4 - Bản sao 6,410905,0,0
2026-09-07,1363488494362616,Hai san 3,120250221278520739,07/09_PRIMA BAY S201 A Nam SRT ĐB 097 5700293 -  SRT DB-S2-9.4 - Bản sao 5,61114,0,0
2026-09-08,1363488494362616,Hai san 3,120250217546150739,07/09_PRIMA BAY S201 A Nam SRT ĐB 097 5700293 -  SRT DB-S2-9.4 - Bản sao 6,375551,0,0
2026-09-08,1363488494362616,Hai san 3,120250221278520739,07/09_PRIMA BAY S201 A Nam SRT ĐB 097 5700293 -  SRT DB-S2-9.4 - Bản sao 5,396188,0,0
2026-09-08,1363488494362616,Hai san 3,120250234533870739,09/09_PRIMA BAY S201 A Nam SRT ĐB 097 5700293 -  SRT DB-S2-9.4 - Bản sao 6,123283,0,0
2026-09-09,1363488494362616,Hai san 3,120250217546150739,07/09_PRIMA BAY S201 A Nam SRT ĐB 097 5700293 -  SRT DB-S2-9.4 - Bản sao 6,387729,0,0
2026-09-09,1363488494362616,Hai san 3,120250221278520739,07/09_PRIMA BAY S201 A Nam SRT ĐB 097 5700293 -  SRT DB-S2-9.4 - Bản sao 5,416810,1,1
2026-09-09,1363488494362616,Hai san 3,120250234533870739,09/09_PRIMA BAY S201 A Nam SRT ĐB 097 5700293 -  SRT DB-S2-9.4 - Bản sao 6,266170,0,0
2026-09-09,1363488494362616,Hai san 3,120250250797080739,9/9_Prima bay A Nam SRT ĐB 097 5700293 -  SRT DB-S2-9.4,1900,0,0
2026-09-09,1363488494362616,Hai san 3,120250250948470739,9/9_Prima bay A Nam SRT ĐB 097 5700293 -  SRT DB-S2-9.4 - Bản sao,540047,0,1
2026-09-09,1363488494362616,Hai san 3,120250256972920739,07/09_PRIMA BAY S201 A Nam SRT ĐB 097 5700293 -  SRT DB-S2-9.4 - Bản sao 6,80743,0,0
2026-09-10,1363488494362616,Hai san 3,120250217546150739,07/09_PRIMA BAY S201 A Nam SRT ĐB 097 5700293 -  SRT DB-S2-9.4 - Bản sao 6,155623,0,0
2026-09-10,1363488494362616,Hai san 3,120250221278520739,07/09_PRIMA BAY S201 A Nam SRT ĐB 097 5700293 -  SRT DB-S2-9.4 - Bản sao 5,77844,0,0
2026-09-10,1363488494362616,Hai san 3,120250234533870739,09/09_PRIMA BAY S201 A Nam SRT ĐB 097 5700293 -  SRT DB-S2-9.4 - Bản sao 6,55457,0,0
2026-09-10,1363488494362616,Hai san 3,120250250948470739,9/9_Prima bay A Nam SRT ĐB 097 5700293 -  SRT DB-S2-9.4 - Bản sao,114472,0,0
2026-09-10,1363488494362616,Hai san 3,120250256972920739,07/09_PRIMA BAY S201 A Nam SRT ĐB 097 5700293 -  SRT DB-S2-9.4 - Bản sao 6,43719,0,0
2026-09-10,1363488494362616,Hai san 3,120250267709030739,10/9_Prima bay A Nam SRT ĐB 097 5700293 -  SRT DB-S2-9.4 - Bản sao 2,125401,0,0
2026-09-10,1363488494362616,Hai san 3,120250267826590739,10/09_PRIMA BAY S201 A Nam SRT ĐB 097 5700293 -  SRT DB-S2-9.4 - Bản sao 6,424652,0,0
2026-09-10,1363488494362616,Hai san 3,120250267885370739,10/09_PRIMA BAY S201 A Nam SRT ĐB 097 5700293 -  SRT DB-S2-9.4 - Bản sao 7,315786,0,0
2026-09-11,1363488494362616,Hai san 3,120250138650500739,01/09_PRIMA BAY S201 A Nam SRT ĐB 097 5700293 -  SRT DB-S2-9.4 - Bản sao 4,134880,0,0
2026-09-11,1363488494362616,Hai san 3,120250267709030739,10/9_Prima bay A Nam SRT ĐB 097 5700293 -  SRT DB-S2-9.4 - Bản sao 2,14291,0,0
2026-09-11,1363488494362616,Hai san 3,120250267826590739,10/09_PRIMA BAY S201 A Nam SRT ĐB 097 5700293 -  SRT DB-S2-9.4 - Bản sao 6,204126,0,0
2026-09-11,1363488494362616,Hai san 3,120250267885370739,10/09_PRIMA BAY S201 A Nam SRT ĐB 097 5700293 -  SRT DB-S2-9.4 - Bản sao 7,199494,0,0
2026-09-11,1363488494362616,Hai san 3,120250283671590739,11/09_PRIMA BAY S201 A Nam SRT ĐB 097 5700293 - SRT DB-S2-9.4 - Bản sao 5,309052,0,0
2026-09-12,1363488494362616,Hai san 3,120250138650500739,01/09_PRIMA BAY S201 A Nam SRT ĐB 097 5700293 -  SRT DB-S2-9.4 - Bản sao 4,92436,0,0
2026-09-12,1363488494362616,Hai san 3,120250283671590739,11/09_PRIMA BAY S201 A Nam SRT ĐB 097 5700293 - SRT DB-S2-9.4 - Bản sao 5,302959,0,0
2026-09-12,1363488494362616,Hai san 3,120250301833420739,13/09_PRIMA BAY S201 A Nam SRT ĐB 097 5700293 -  SRT DB-S2-9.4 - Bản sao 6,78865,0,0
2026-09-12,1363488494362616,Hai san 3,120250304806560739,12/09_PRIMA BAY S201 A Nam SRT ĐB 097 5700293 - SRT DB-S2-9.4 - m,173922,0,0
2026-09-12,1363488494362616,Hai san 3,120250305360290739,15/09_PRIMA BAY S201 A Nam SRT ĐB 097 5700293 - SRT DB-S2-9.4 - Bản sao 7,114787,0,0
2026-09-13,1363488494362616,Hai san 3,120250304806560739,12/09_PRIMA BAY S201 A Nam SRT ĐB 097 5700293 - SRT DB-S2-9.4 - m,473782,0,0
2026-09-13,1363488494362616,Hai san 3,120250305360290739,15/09_PRIMA BAY S201 A Nam SRT ĐB 097 5700293 - SRT DB-S2-9.4 - Bản sao 7,457258,0,0
2026-09-13,1363488494362616,Hai san 3,120250319503370739,15/09_PRIMA BAY S201 A Nam SRT ĐB 097 5700293 -  SRT DB-S2-9.4 - Bản sao 8,234633,0,0
2026-09-14,1363488494362616,Hai san 3,120250304806560739,12/09_PRIMA BAY S201 A Nam SRT ĐB 097 5700293 - SRT DB-S2-9.4 - m,118243,1,1
2026-09-14,1363488494362616,Hai san 3,120250319503370739,15/09_PRIMA BAY S201 A Nam SRT ĐB 097 5700293 -  SRT DB-S2-9.4 - Bản sao 8,308905,0,0
2026-09-14,1363488494362616,Hai san 3,120250331159840739,15/09_PRIMA BAY S201 A Nam SRT ĐB 097 5700293 -  SRT DB-S2-9.4 - Bản sao 9,224767,0,0
2026-09-14,1363488494362616,Hai san 3,120250332128120739,12/09_PRIMA BAY S201 A Nam SRT ĐB 097 5700293 -  SRT DB-S2-9.4 - m - Bản sao,273187,0,0
2026-09-15,1363488494362616,Hai san 3,120250331159840739,15/09_PRIMA BAY S201 A Nam SRT ĐB 097 5700293 -  SRT DB-S2-9.4 - Bản sao 9,281195,0,0
2026-09-15,1363488494362616,Hai san 3,120250332128120739,12/09_PRIMA BAY S201 A Nam SRT ĐB 097 5700293 -  SRT DB-S2-9.4 - m - Bản sao,251642,1,1
2026-09-15,1363488494362616,Hai san 3,120250335666070739,12/09_PRIMA BAY S201 A Nam SRT ĐB 097 5700293 - SRT DB-S2-9.4- m,250054,0,0
2026-09-15,1363488494362616,Hai san 3,120250351313860739,16/09_PRIMA BAY S201 A Nam SRT ĐB 097 5700293 -  SRT DB-S2-9.4 - m - Bản sao 2,283105,0,0
2026-09-15,1363488494362616,Hai san 3,120250353072670739,16/09_PRIMA BAY S201 A Nam SRT ĐB 097 5700293 -  SRT DB-S2-9.4 - m - Bản sao 3,337093,0,0
2026-09-15,1363488494362616,Hai san 3,120250353356300739,12/09_PRIMA BAY S201 A Nam SRT ĐB 097 5700293 -  SRT DB-S2-9.4 - m - Bản sao 2,78708,0,0
2026-09-16,1363488494362616,Hai san 3,120250331159840739,15/09_PRIMA BAY S201 A Nam SRT ĐB 097 5700293 -  SRT DB-S2-9.4 - Bản sao 9,39305,0,0
2026-09-16,1363488494362616,Hai san 3,120250332128120739,12/09_PRIMA BAY S201 A Nam SRT ĐB 097 5700293 -  SRT DB-S2-9.4 - m - Bản sao,74684,0,0
2026-09-16,1363488494362616,Hai san 3,120250335666070739,12/09_PRIMA BAY S201 A Nam SRT ĐB 097 5700293 - SRT DB-S2-9.4- m,305208,0,0
2026-09-16,1363488494362616,Hai san 3,120250351313860739,16/09_PRIMA BAY S201 A Nam SRT ĐB 097 5700293 -  SRT DB-S2-9.4 - m - Bản sao 2,220277,0,0
2026-09-16,1363488494362616,Hai san 3,120250353072670739,16/09_PRIMA BAY S201 A Nam SRT ĐB 097 5700293 -  SRT DB-S2-9.4 - m - Bản sao 3,240700,0,0
2026-09-16,1363488494362616,Hai san 3,120250353356300739,12/09_PRIMA BAY S201 A Nam SRT ĐB 097 5700293 -  SRT DB-S2-9.4 - m - Bản sao 2,122287,0,0
2026-09-16,1363488494362616,Hai san 3,120250358696150739,16/09_PRIMA BAY S201 A Nam SRT ĐB 097 5700293 -  SRT DB-S2-9.4 - m - Bản sao 2,360602,0,0
2026-09-16,1363488494362616,Hai san 3,120250380665900739,16/09_PRIMA BAY S201 A Nam SRT ĐB 097 5700293 -  SRT DB-S2-9.4 - m - Bản sao 4,242481,0,0
2026-09-16,1363488494362616,Hai san 3,120250381550010739,16/09_PRIMA BAY S201 A Nam SRT ĐB 097 5700293 -  SRT DB-S2-9.4 - m - Bản sao 5,175265,1,0
2026-09-17,1363488494362616,Hai san 3,120250335666070739,12/09_PRIMA BAY S201 A Nam SRT ĐB 097 5700293 - SRT DB-S2-9.4- m,57936,0,0
2026-09-17,1363488494362616,Hai san 3,120250358696150739,16/09_PRIMA BAY S201 A Nam SRT ĐB 097 5700293 -  SRT DB-S2-9.4 - m - Bản sao 2,489557,0,0
2026-09-17,1363488494362616,Hai san 3,120250380665900739,16/09_PRIMA BAY S201 A Nam SRT ĐB 097 5700293 -  SRT DB-S2-9.4 - m - Bản sao 4,512940,3,0
2026-09-17,1363488494362616,Hai san 3,120250381550010739,16/09_PRIMA BAY S201 A Nam SRT ĐB 097 5700293 -  SRT DB-S2-9.4 - m - Bản sao 5,381885,1,0
2026-09-18,1363488494362616,Hai san 3,120250358696150739,16/09_PRIMA BAY S201 A Nam SRT ĐB 097 5700293 -  SRT DB-S2-9.4 - m - Bản sao 2,56574,0,0
2026-09-18,1363488494362616,Hai san 3,120250380665900739,16/09_PRIMA BAY S201 A Nam SRT ĐB 097 5700293 -  SRT DB-S2-9.4 - m - Bản sao 4,466620,1,0
2026-09-18,1363488494362616,Hai san 3,120250381550010739,16/09_PRIMA BAY S201 A Nam SRT ĐB 097 5700293 -  SRT DB-S2-9.4 - m - Bản sao 5,315207,0,0
2026-09-18,1363488494362616,Hai san 3,120250422474530739,16/09_PRIMA BAY S201 A Nam SRT ĐB 097 5700293 -  SRT DB-S2-9.4 - m - Bản sao 5,400911,0,0
2026-09-19,1363488494362616,Hai san 3,120250380665900739,16/09_PRIMA BAY S201 A Nam SRT ĐB 097 5700293 -  SRT DB-S2-9.4 - m - Bản sao 4,228824,0,0
2026-09-19,1363488494362616,Hai san 3,120250381550010739,16/09_PRIMA BAY S201 A Nam SRT ĐB 097 5700293 -  SRT DB-S2-9.4 - m - Bản sao 5,34190,1,0
2026-09-19,1363488494362616,Hai san 3,120250422474530739,16/09_PRIMA BAY S201 A Nam SRT ĐB 097 5700293 -  SRT DB-S2-9.4 - m - Bản sao 5,295743,0,0
2026-09-19,1363488494362616,Hai san 3,120250444319560739,16/09_PRIMA BAY S201 A Nam SRT ĐB 097 5700293 -  SRT DB-S2-9.4 - m - Bản sao 6,262286,3,0
2026-09-19,1363488494362616,Hai san 3,120250445227110739,19/09_PRIMA BAY S201 A Nam SRT ĐB 097 5700293 -  SRT DB-S2-9.4 - m - Bản sao 5,114482,0,0
2026-09-20,1363488494362616,Hai san 3,120250380665900739,16/09_PRIMA BAY S201 A Nam SRT ĐB 097 5700293 -  SRT DB-S2-9.4 - m - Bản sao 4,693927,6,0
2026-09-20,1363488494362616,Hai san 3,120250381550010739,16/09_PRIMA BAY S201 A Nam SRT ĐB 097 5700293 -  SRT DB-S2-9.4 - m - Bản sao 5,0,0,0
2026-09-20,1363488494362616,Hai san 3,120250422474530739,16/09_PRIMA BAY S201 A Nam SRT ĐB 097 5700293 -  SRT DB-S2-9.4 - m - Bản sao 5,547001,3,0
2026-09-20,1363488494362616,Hai san 3,120250444319560739,16/09_PRIMA BAY S201 A Nam SRT ĐB 097 5700293 -  SRT DB-S2-9.4 - m - Bản sao 6,447265,0,0
2026-09-20,1363488494362616,Hai san 3,120250445227110739,19/09_PRIMA BAY S201 A Nam SRT ĐB 097 5700293 -  SRT DB-S2-9.4 - m - Bản sao 5,274610,2,0
2026-09-21,1363488494362616,Hai san 3,120250380665900739,16/09_PRIMA BAY S201 A Nam SRT ĐB 097 5700293 -  SRT DB-S2-9.4 - m - Bản sao 4,617853,2,0
2026-09-21,1363488494362616,Hai san 3,120250381550010739,16/09_PRIMA BAY S201 A Nam SRT ĐB 097 5700293 -  SRT DB-S2-9.4 - m - Bản sao 5,0,0,0
2026-09-21,1363488494362616,Hai san 3,120250422474530739,16/09_PRIMA BAY S201 A Nam SRT ĐB 097 5700293 -  SRT DB-S2-9.4 - m - Bản sao 5,243759,0,0
2026-09-21,1363488494362616,Hai san 3,120250444319560739,16/09_PRIMA BAY S201 A Nam SRT ĐB 097 5700293 -  SRT DB-S2-9.4 - m - Bản sao 6,224520,2,0
2026-09-21,1363488494362616,Hai san 3,120250445227110739,19/09_PRIMA BAY S201 A Nam SRT ĐB 097 5700293 -  SRT DB-S2-9.4 - m - Bản sao 5,272371,1,0
2026-09-21,1363488494362616,Hai san 3,120250467325880739,21/09_PRIMA BAY S201 A Nam SRT ĐB 097 5700293 -  SRT DB-S2-9.4 - m - Bản sao 6,457955,4,0
2026-09-21,1363488494362616,Hai san 3,120250471149810739,21/09_PRIMA BAY S201 A Nam SRT ĐB 097 5700293 -  SRT DB-S2-9.4 - m - Bản sao 5,57786,0,0
2026-09-22,1363488494362616,Hai san 3,120250380665900739,16/09_PRIMA BAY S201 A Nam SRT ĐB 097 5700293 -  SRT DB-S2-9.4 - m - Bản sao 4,641116,6,0
2026-09-22,1363488494362616,Hai san 3,120250444319560739,16/09_PRIMA BAY S201 A Nam SRT ĐB 097 5700293 -  SRT DB-S2-9.4 - m - Bản sao 6,420240,5,0
2026-09-22,1363488494362616,Hai san 3,120250445227110739,19/09_PRIMA BAY S201 A Nam SRT ĐB 097 5700293 -  SRT DB-S2-9.4 - m - Bản sao 5,77200,0,0
2026-09-22,1363488494362616,Hai san 3,120250467325880739,21/09_PRIMA BAY S201 A Nam SRT ĐB 097 5700293 -  SRT DB-S2-9.4 - m - Bản sao 6,428127,2,0
2026-09-22,1363488494362616,Hai san 3,120250471149810739,21/09_PRIMA BAY S201 A Nam SRT ĐB 097 5700293 -  SRT DB-S2-9.4 - m - Bản sao 5,158531,0,0
2026-09-23,1363488494362616,Hai san 3,120250380665900739,16/09_PRIMA BAY S201 A Nam SRT ĐB 097 5700293 -  SRT DB-S2-9.4 - m - Bản sao 4,429312,2,0
2026-09-23,1363488494362616,Hai san 3,120250444319560739,16/09_PRIMA BAY S201 A Nam SRT ĐB 097 5700293 -  SRT DB-S2-9.4 - m - Bản sao 6,325958,1,0
2026-09-23,1363488494362616,Hai san 3,120250467325880739,21/09_PRIMA BAY S201 A Nam SRT ĐB 097 5700293 -  SRT DB-S2-9.4 - m - Bản sao 6,224263,1,0
2026-09-24,1363488494362616,Hai san 3,120250380665900739,16/09_PRIMA BAY S201 A Nam SRT ĐB 097 5700293 -  SRT DB-S2-9.4 - m - Bản sao 4,436870,4,0
2026-09-24,1363488494362616,Hai san 3,120250444319560739,16/09_PRIMA BAY S201 A Nam SRT ĐB 097 5700293 -  SRT DB-S2-9.4 - m - Bản sao 6,471227,4,0
2026-09-24,1363488494362616,Hai san 3,120250467325880739,21/09_PRIMA BAY S201 A Nam SRT ĐB 097 5700293 -  SRT DB-S2-9.4 - m - Bản sao 6,95317,0,0
2026-09-25,1363488494362616,Hai san 3,120250380665900739,16/09_PRIMA BAY S201 A Nam SRT ĐB 097 5700293 -  SRT DB-S2-9.4 - m - Bản sao 4,382784,1,0
2026-09-25,1363488494362616,Hai san 3,120250422474530739,16/09_PRIMA BAY S201 A Nam SRT ĐB 097 5700293 -  SRT DB-S2-9.4 - m - Bản sao 5,0,0,0
2026-09-25,1363488494362616,Hai san 3,120250444319560739,16/09_PRIMA BAY S201 A Nam SRT ĐB 097 5700293 -  SRT DB-S2-9.4 - m - Bản sao 6,410532,4,0
2026-09-25,1363488494362616,Hai san 3,120250467325880739,21/09_PRIMA BAY S201 A Nam SRT ĐB 097 5700293 -  SRT DB-S2-9.4 - m - Bản sao 6,174253,0,0
2026-09-26,1363488494362616,Hai san 3,120250380665900739,16/09_PRIMA BAY S201 A Nam SRT ĐB 097 5700293 -  SRT DB-S2-9.4 - m - Bản sao 4,305157,3,0
2026-09-26,1363488494362616,Hai san 3,120250444319560739,16/09_PRIMA BAY S201 A Nam SRT ĐB 097 5700293 -  SRT DB-S2-9.4 - m - Bản sao 6,222961,0,0
2026-09-26,1363488494362616,Hai san 3,120250445227110739,19/09_PRIMA BAY S201 A Nam SRT ĐB 097 5700293 -  SRT DB-S2-9.4 - m - Bản sao 5,0,0,0
2026-09-26,1363488494362616,Hai san 3,120250467325880739,21/09_PRIMA BAY S201 A Nam SRT ĐB 097 5700293 -  SRT DB-S2-9.4 - m - Bản sao 6,96814,1,0
2026-09-26,1363488494362616,Hai san 3,120250471149810739,21/09_PRIMA BAY S201 A Nam SRT ĐB 097 5700293 -  SRT DB-S2-9.4 - m - Bản sao 5,0,1,0
2026-09-26,1363488494362616,Hai san 3,120250553911220739,16/09_PRIMA BAY S201 A Nam SRT ĐB 097 5700293 -  SRT DB-S2-9.4 - m - Bản sao 5,448331,1,0
2026-09-27,1363488494362616,Hai san 3,120250380665900739,16/09_PRIMA BAY S201 A Nam SRT ĐB 097 5700293 -  SRT DB-S2-9.4 - m - Bản sao 4,235610,0,0
2026-09-27,1363488494362616,Hai san 3,120250444319560739,16/09_PRIMA BAY S201 A Nam SRT ĐB 097 5700293 -  SRT DB-S2-9.4 - m - Bản sao 6,252190,3,0
2026-09-27,1363488494362616,Hai san 3,120250467325880739,21/09_PRIMA BAY S201 A Nam SRT ĐB 097 5700293 -  SRT DB-S2-9.4 - m - Bản sao 6,106403,0,0
2026-09-27,1363488494362616,Hai san 3,120250553911220739,16/09_PRIMA BAY S201 A Nam SRT ĐB 097 5700293 -  SRT DB-S2-9.4 - m - Bản sao 5,438959,4,0
2026-09-03,661201295899366,BĐS7,120252368118620787,3/9_Sun Elite_A Duy_SRT - SRT DB-S9-8.2,19744,0,0
2026-09-04,661201295899366,BĐS7,120252368118620787,3/9_Sun Elite_A Duy_SRT - SRT DB-S9-8.2,844205,0,0
2026-09-05,661201295899366,BĐS7,120252368118620787,3/9_Sun Elite_A Duy_SRT - SRT DB-S9-8.2,392282,0,0
2026-09-14,7506398596072006,BĐS8,120249918330290553,14/9_Mik Sky Park C Giang Five Star 09.6636.2335,314608,1,1
2026-09-15,7506398596072006,BĐS8,120249918330290553,14/9_Mik Sky Park C Giang Five Star 09.6636.2335,458378,1,1
2026-09-16,7506398596072006,BĐS8,120249918330290553,14/9_Mik Sky Park C Giang Five Star 09.6636.2335,249610,0,0
2026-09-17,7506398596072006,BĐS8,120249918330290553,14/9_Mik Sky Park C Giang Five Star 09.6636.2335,1507666,3,4
2026-09-18,7506398596072006,BĐS8,120249918330290553,14/9_Mik Sky Park C Giang Five Star 09.6636.2335,708799,1,2
2026-09-19,7506398596072006,BĐS8,120249918330290553,14/9_Mik Sky Park C Giang Five Star 09.6636.2335,564873,2,3
2026-09-20,7506398596072006,BĐS8,120249918330290553,14/9_Mik Sky Park C Giang Five Star 09.6636.2335,1331287,4,4
2026-09-21,7506398596072006,BĐS8,120249918330290553,14/9_Mik Sky Park C Giang Five Star 09.6636.2335,1473855,4,4
2026-09-22,7506398596072006,BĐS8,120249918330290553,14/9_Mik Sky Park C Giang Five Star 09.6636.2335,1244673,2,3
2026-09-23,7506398596072006,BĐS8,120249918330290553,14/9_Mik Sky Park C Giang Five Star 09.6636.2335,396348,0,0
2026-09-22,781021683852700,BĐS 12,120249364605400694,21/9_Astor Ciputra_A Duy_Cen Land _0936461086,263911,1,1
2026-09-22,781021683852700,BĐS 12,120249364793470694,21/9_Astor Ciputra_A Duy_Cen Land _0936461086 - 1,229584,0,0
2026-09-22,781021683852700,BĐS 12,120249364801190694,21/9_Astor Ciputra_A Duy_Cen Land _0936461086 - 2,240941,0,0
2026-09-23,781021683852700,BĐS 12,120249364605400694,21/9_Astor Ciputra_A Duy_Cen Land _0936461086,247468,0,0
2026-09-23,781021683852700,BĐS 12,120249364793470694,21/9_Astor Ciputra_A Duy_Cen Land _0936461086 - 1,88310,0,0
2026-09-23,781021683852700,BĐS 12,120249364801190694,21/9_Astor Ciputra_A Duy_Cen Land _0936461086 - 2,98220,0,0
2026-09-23,781021683852700,BĐS 12,120249384510030694,21/9_Astor Ciputra_A Duy_Cen Land _0936461086 - Bản sao,300437,0,0
2026-09-23,781021683852700,BĐS 12,120249384510040694,21/9_Astor Ciputra_A Duy_Cen Land _0936461086 - Bản sao,171776,0,0
2026-09-23,781021683852700,BĐS 12,120249384510050694,21/9_Astor Ciputra_A Duy_Cen Land _0936461086 - Bản sao,152579,0,0
2026-09-23,781021683852700,BĐS 12,120249384510150694,21/9_Astor Ciputra_A Duy_Cen Land _0936461086 - Bản sao,212282,0,0
2026-09-24,781021683852700,BĐS 12,120249364605400694,21/9_Astor Ciputra_A Duy_Cen Land _0936461086,189310,0,0
2026-09-24,781021683852700,BĐS 12,120249384510030694,21/9_Astor Ciputra_A Duy_Cen Land _0936461086 - Bản sao,149096,0,0
2026-09-24,781021683852700,BĐS 12,120249384510040694,21/9_Astor Ciputra_A Duy_Cen Land _0936461086 - Bản sao,313038,0,0
2026-09-24,781021683852700,BĐS 12,120249384510050694,21/9_Astor Ciputra_A Duy_Cen Land _0936461086 - Bản sao,319439,0,0
2026-09-25,781021683852700,BĐS 12,120249384510040694,21/9_Astor Ciputra_A Duy_Cen Land _0936461086 - Bản sao,5807,0,0
2026-09-25,781021683852700,BĐS 12,120249384510050694,21/9_Astor Ciputra_A Duy_Cen Land _0936461086 - Bản sao,7773,0,0
2026-09-01,266659263095060,BĐS9,120252217366200723,29/8_ MKT Alora Team Tuấn + Lâm Home X - miền trong,1137047,1,1
2026-09-01,266659263095060,BĐS9,120252241237800723,29/8_ MKT Alora Team Tuấn + Lâm Home X - miền trong,137953,0,0
2026-09-02,266659263095060,BĐS9,120252217366200723,29/8_ MKT Alora Team Tuấn + Lâm Home X - miền trong,602804,0,0
2026-09-02,266659263095060,BĐS9,120252288316630723,29/8_ MKT Alora Team Tuấn + Lâm Home X - miền trong,342000,1,1
2026-09-02,266659263095060,BĐS9,120252297088300723,29/8_ MKT Alora Team Tuấn + Lâm Home X - miền trong,95680,0,0
2026-09-03,266659263095060,BĐS9,120252288316630723,29/8_ MKT Alora Team Tuấn + Lâm Home X - miền trong,749354,1,1
2026-09-03,266659263095060,BĐS9,120252297088300723,29/8_ MKT Alora Team Tuấn + Lâm Home X - miền trong,256767,1,1
2026-09-03,266659263095060,BĐS9,120252307208610723,29/8_ MKT Alora Team Tuấn + Lâm Home X - miền trong,758974,4,4
2026-09-03,266659263095060,BĐS9,120252320728350723,29/8_ MKT Alora Team Tuấn + Lâm Home X - miền trong,9320,0,0
2026-09-04,266659263095060,BĐS9,120252297088300723,29/8_ MKT Alora Team Tuấn + Lâm Home X - miền trong,393886,2,3
2026-09-04,266659263095060,BĐS9,120252307208610723,29/8_ MKT Alora Team Tuấn + Lâm Home X - miền trong,1013089,2,2
2026-09-04,266659263095060,BĐS9,120252320728350723,29/8_ MKT Alora Team Tuấn + Lâm Home X - miền trong,782155,2,2
2026-09-05,266659263095060,BĐS9,120252297088300723,29/8_ MKT Alora Team Tuấn + Lâm Home X - miền trong,497689,0,0
2026-09-05,266659263095060,BĐS9,120252307208610723,29/8_ MKT Alora Team Tuấn + Lâm Home X - miền trong,795299,1,1
2026-09-05,266659263095060,BĐS9,120252320728350723,29/8_ MKT Alora Team Tuấn + Lâm Home X - miền trong,886,0,0
2026-09-05,266659263095060,BĐS9,120252344883590723,29/8_ MKT Alora Team Tuấn + Lâm Home X - miền trong,123781,0,0
2026-09-06,266659263095060,BĐS9,120252297088300723,29/8_ MKT Alora Team Tuấn + Lâm Home X - miền trong,466409,0,0
2026-09-06,266659263095060,BĐS9,120252307208610723,29/8_ MKT Alora Team Tuấn + Lâm Home X - miền trong,898259,3,3
2026-09-06,266659263095060,BĐS9,120252344883590723,29/8_ MKT Alora Team Tuấn + Lâm Home X - miền trong,180592,0,0
2026-09-06,266659263095060,BĐS9,120252359143760723,29/8_ MKT Alora Team Tuấn + Lâm Home X - miền trong,428962,1,1
2026-09-07,266659263095060,BĐS9,120252307208610723,29/8_ MKT Alora Team Tuấn + Lâm Home X - miền trong,987342,3,3
2026-09-07,266659263095060,BĐS9,120252359143760723,29/8_ MKT Alora Team Tuấn + Lâm Home X - miền trong,356516,0,0
2026-09-07,266659263095060,BĐS9,120252369482690723,29/8_ MKT Alora Team Tuấn + Lâm Home X - miền trong,78156,0,0
2026-09-07,266659263095060,BĐS9,120252369569860723,7/9_ MKT Alora Team Tuấn + Lâm Home X - miền trong,342217,1,1
2026-09-07,266659263095060,BĐS9,120252369783420723,7/9_ MKT Alora Team Tuấn + Lâm Home X - miền trong,175216,1,1
2026-09-07,266659263095060,BĐS9,120252370091950723,29/8_ MKT Alora Team Tuấn + Lâm Home X - miền trong,418645,0,0
2026-09-08,266659263095060,BĐS9,120252307208610723,29/8_ MKT Alora Team Tuấn + Lâm Home X - miền trong,686459,1,1
2026-09-08,266659263095060,BĐS9,120252369569860723,7/9_ MKT Alora Team Tuấn + Lâm Home X - miền trong,522384,1,1
2026-09-08,266659263095060,BĐS9,120252369783420723,7/9_ MKT Alora Team Tuấn + Lâm Home X - miền trong,185315,0,0
2026-09-08,266659263095060,BĐS9,120252380559400723,29/8_ MKT Alora Team Tuấn + Lâm Home X - miền trong,217239,0,0
2026-09-09,266659263095060,BĐS9,120252307208610723,29/8_ MKT Alora Team Tuấn + Lâm Home X - miền trong,750451,2,2
2026-09-09,266659263095060,BĐS9,120252399466510723,7/9_ MKT Alora Team Tuấn + Lâm Home X - miền trong,234097,0,0
2026-09-09,266659263095060,BĐS9,120252399725980723,9/9_ MKT Alora Team Tuấn + Lâm Home X - miền trong - H,199483,0,0
2026-09-10,266659263095060,BĐS9,120252307208610723,29/8_ MKT Alora Team Tuấn + Lâm Home X - miền trong,660974,1,1
2026-09-10,266659263095060,BĐS9,120252399725980723,9/9_ MKT Alora Team Tuấn + Lâm Home X - miền trong - H,192725,0,0
2026-09-10,266659263095060,BĐS9,120252427004030723,9/9_ MKT Alora Team Tuấn + Lâm Home X - miền trong,89678,1,0
2026-09-14,266659263095060,BĐS9,120252427004030723,9/9_ MKT Alora Team Tuấn + Lâm Home X - miền trong,258042,1,1
2026-09-14,266659263095060,BĐS9,120252479969710723,7/9_ MKT Alora Team Tuấn + Lâm Home X - miền trong,207701,1,1
2026-09-14,266659263095060,BĐS9,120252480003000723,14/9_ MKT Alora Team Tuấn + Lâm Home X - miền trong,274416,0,0
2026-09-15,266659263095060,BĐS9,120252427004030723,9/9_ MKT Alora Team Tuấn + Lâm Home X - miền trong,327534,1,1
2026-09-15,266659263095060,BĐS9,120252479969710723,7/9_ MKT Alora Team Tuấn + Lâm Home X - miền trong,215225,0,0
2026-09-15,266659263095060,BĐS9,120252480003000723,14/9_ MKT Alora Team Tuấn + Lâm Home X - miền trong,40087,0,0
2026-09-15,266659263095060,BĐS9,120252496547870723,7/9_ MKT Alora Team Tuấn + Lâm Home X - miền trong,76343,0,0
2026-09-15,266659263095060,BĐS9,120252497404240723,15/9_ MKT Alora Team Tuấn + Lâm Home X - miền trong,110087,0,0
2026-09-15,266659263095060,BĐS9,120252497745570723,15/9_ MKT Alora Team Tuấn + Lâm Home X - miền trong - Bản sao,145499,0,0
2026-09-15,266659263095060,BĐS9,120252499772730723,15/9_ MKT Alora Team Tuấn + Lâm Home X - miền trong,437474,0,0
2026-09-15,266659263095060,BĐS9,120252500997880723,9/9_ MKT Alora Team Tuấn + Lâm Home X - miền trong,316223,0,0
2026-09-16,266659263095060,BĐS9,120252427004030723,9/9_ MKT Alora Team Tuấn + Lâm Home X - miền trong,505015,1,1
2026-09-16,266659263095060,BĐS9,120252500997880723,9/9_ MKT Alora Team Tuấn + Lâm Home X - miền trong,308182,1,1
2026-09-16,266659263095060,BĐS9,120252515225270723,16/9_ MKT Alora Team Tuấn + Lâm Home X - miền trong,333616,0,0
2026-09-17,266659263095060,BĐS9,120252427004030723,9/9_ MKT Alora Team Tuấn + Lâm Home X - miền trong,544080,1,1
2026-09-17,266659263095060,BĐS9,120252527228560723,17/9_ MKT Alora Team Tuấn + Lâm Home X - miền trong,439266,1,1
2026-09-17,266659263095060,BĐS9,120252527253800723,29/8_ MKT Alora Team Tuấn + Lâm Home X - miền trong,358483,0,0
2026-09-17,266659263095060,BĐS9,120252532781290723,17/9_ MKT Alora Team Tuấn + Lâm Home X - miền trong - Bản sao,705985,2,2
2026-09-17,266659263095060,BĐS9,120252533831040723,17/9_ MKT Alora Team Tuấn + Lâm Home X - miền trong - Bản sao 2,606589,2,2
2026-09-18,266659263095060,BĐS9,120252427004030723,9/9_ MKT Alora Team Tuấn + Lâm Home X - miền trong,173968,0,0
2026-09-18,266659263095060,BĐS9,120252532781290723,17/9_ MKT Alora Team Tuấn + Lâm Home X - miền trong - Bản sao,1157166,5,5
2026-09-18,266659263095060,BĐS9,120252533831040723,17/9_ MKT Alora Team Tuấn + Lâm Home X - miền trong - Bản sao 2,224118,0,0
2026-09-18,266659263095060,BĐS9,120252545793010723,17/9_ MKT Alora Team Tuấn + Lâm Home X - miền trong - Bản sao 2,408329,1,1
2026-09-18,266659263095060,BĐS9,120252551323920723,9/9_ MKT Alora Team Tuấn + Lâm Home X - miền trong,259203,0,0
2026-09-19,266659263095060,BĐS9,120252532781290723,17/9_ MKT Alora Team Tuấn + Lâm Home X - miền trong - Bản sao,1088123,2,3
2026-09-19,266659263095060,BĐS9,120252563359510723,17/9_ MKT Alora Team Tuấn + Lâm Home X - miền trong - Bản sao 2,292332,0,0
2026-09-20,266659263095060,BĐS9,120252532781290723,17/9_ MKT Alora Team Tuấn + Lâm Home X - miền trong - Bản sao,1666431,4,3
2026-09-20,266659263095060,BĐS9,120252582327370723,17/9_ MKT Alora Team Tuấn + Lâm Home X - miền trong,228272,0,0
2026-09-21,266659263095060,BĐS9,120252532781290723,17/9_ MKT Alora Team Tuấn + Lâm Home X - miền trong - Bản sao,1298119,11,10
2026-09-21,266659263095060,BĐS9,120252595343580723,17/9_ MKT Alora Team Tuấn + Lâm Home X,202340,0,0
2026-09-21,266659263095060,BĐS9,120252608828100723,17/9_ MKT Alora Team Tuấn + Lâm Home X - miền trong,5038,0,0
2026-09-22,266659263095060,BĐS9,120252532781290723,17/9_ MKT Alora Team Tuấn + Lâm Home X - miền trong - Bản sao,1868781,9,9
2026-09-22,266659263095060,BĐS9,120252608828100723,17/9_ MKT Alora Team Tuấn + Lâm Home X - miền trong,323941,0,0
2026-09-23,266659263095060,BĐS9,120252532781290723,17/9_ MKT Alora Team Tuấn + Lâm Home X - miền trong - Bản sao,2758325,13,13
2026-09-24,266659263095060,BĐS9,120252532781290723,17/9_ MKT Alora Team Tuấn + Lâm Home X - miền trong - Bản sao,2552659,8,11
2026-09-25,266659263095060,BĐS9,120252532781290723,17/9_ MKT Alora Team Tuấn + Lâm Home X - miền trong - Bản sao,1942195,4,4
2026-09-25,266659263095060,BĐS9,120252671574050723,17/9_ MKT Alora Team Tuấn + Lâm Home X - miền trong,225715,0,0
2026-09-25,266659263095060,BĐS9,120252671597790723,17/9_ MKT Alora Team Tuấn + Lâm Home X - miền trong - Bản sao,223945,0,0
2026-09-26,266659263095060,BĐS9,120252532781290723,17/9_ MKT Alora Team Tuấn + Lâm Home X - miền trong - Bản sao,366052,1,1
2026-09-27,266659263095060,BĐS9,120252532781290723,17/9_ MKT Alora Team Tuấn + Lâm Home X - miền trong - Bản sao,318862,2,2
2026-09-01,1670620670137583,BĐS18,120251876016000136,18/8_ Alora Nha Trang Vũ Tùng 0968877000 - JDI LAND_Page mới,208755,0,0
2026-09-01,1670620670137583,BĐS18,120251945681350136,22/8_ Alora Nha Trang Vũ Tùng 0968877000 - JDI LAND_Page mới,217194,1,0
2026-09-01,1670620670137583,BĐS18,120251945694730136,22/8_ Alora Nha Trang Vũ Tùng 0968877000 - JDI LAND_Page mới,196341,0,0
2026-09-01,1670620670137583,BĐS18,120252072506430136,1/9_ Alora Nha Trang Vũ Tùng 0968877000 - JDI LAND,89149,0,0
2026-09-02,1670620670137583,BĐS18,120251876016000136,18/8_ Alora Nha Trang Vũ Tùng 0968877000 - JDI LAND_Page mới,195218,0,0
2026-09-02,1670620670137583,BĐS18,120251945681350136,22/8_ Alora Nha Trang Vũ Tùng 0968877000 - JDI LAND_Page mới,174098,0,0
2026-09-02,1670620670137583,BĐS18,120251945694730136,22/8_ Alora Nha Trang Vũ Tùng 0968877000 - JDI LAND_Page mới,174399,0,0
2026-09-02,1670620670137583,BĐS18,120252072506430136,1/9_ Alora Nha Trang Vũ Tùng 0968877000 - JDI LAND,111227,0,0
2026-09-02,1670620670137583,BĐS18,120252095168490136,2/9_ Alora Nha Trang Vũ Tùng 0968877000 - JDI LAND_Page mới,115225,0,0
2026-09-02,1670620670137583,BĐS18,120252095180940136,2/9_ Alora Nha Trang Vũ Tùng 0968877000 - JDI LAND_Page mới,105889,0,0
2026-09-02,1670620670137583,BĐS18,120252095180950136,2/9_ Alora Nha Trang Vũ Tùng 0968877000 - JDI LAND_Page mới,109794,0,0
2026-09-02,1670620670137583,BĐS18,120252095180960136,2/9_ Alora Nha Trang Vũ Tùng 0968877000 - JDI LAND_Page mới,109194,0,0
2026-09-02,1670620670137583,BĐS18,120252095180970136,2/9_ Alora Nha Trang Vũ Tùng 0968877000 - JDI LAND_Page mới,109605,0,0
2026-09-03,1670620670137583,BĐS18,120252095168490136,2/9_ Alora Nha Trang Vũ Tùng 0968877000 - JDI LAND_Page mới,350630,2,2
2026-09-03,1670620670137583,BĐS18,120252095180940136,2/9_ Alora Nha Trang Vũ Tùng 0968877000 - JDI LAND_Page mới,146130,0,0
2026-09-03,1670620670137583,BĐS18,120252095180950136,2/9_ Alora Nha Trang Vũ Tùng 0968877000 - JDI LAND_Page mới,309541,0,1
2026-09-03,1670620670137583,BĐS18,120252095180960136,2/9_ Alora Nha Trang Vũ Tùng 0968877000 - JDI LAND_Page mới,136240,0,0
2026-09-03,1670620670137583,BĐS18,120252095180970136,2/9_ Alora Nha Trang Vũ Tùng 0968877000 - JDI LAND_Page mới,313038,1,1
2026-09-03,1670620670137583,BĐS18,120252104067140136,2/9_ Alora Nha Trang Vũ Tùng 0968877000 - JDI LAND_Page mới - Bản sao,208447,3,3
2026-09-03,1670620670137583,BĐS18,120252104067150136,2/9_ Alora Nha Trang Vũ Tùng 0968877000 - JDI LAND_Page mới - Bản sao,196400,2,2
2026-09-04,1670620670137583,BĐS18,120252095168490136,2/9_ Alora Nha Trang Vũ Tùng 0968877000 - JDI LAND_Page mới,235699,1,1
2026-09-04,1670620670137583,BĐS18,120252104067140136,2/9_ Alora Nha Trang Vũ Tùng 0968877000 - JDI LAND_Page mới - Bản sao,238607,1,1
2026-09-04,1670620670137583,BĐS18,120252104067150136,2/9_ Alora Nha Trang Vũ Tùng 0968877000 - JDI LAND_Page mới - Bản sao,248231,0,0
2026-09-04,1670620670137583,BĐS18,120252118880530136,4/9_ Alora Nha Trang Vũ Tùng 0968877000 - JDI LAND_Page mới,193835,0,1
2026-09-04,1670620670137583,BĐS18,120252118880540136,4/9_ Alora Nha Trang Vũ Tùng 0968877000 - JDI LAND_Page mới,196503,1,1
2026-09-05,1670620670137583,BĐS18,120252095168490136,2/9_ Alora Nha Trang Vũ Tùng 0968877000 - JDI LAND_Page mới,2271,0,0
2026-09-05,1670620670137583,BĐS18,120252104067140136,2/9_ Alora Nha Trang Vũ Tùng 0968877000 - JDI LAND_Page mới - Bản sao,1072,0,0
2026-09-05,1670620670137583,BĐS18,120252104067150136,2/9_ Alora Nha Trang Vũ Tùng 0968877000 - JDI LAND_Page mới - Bản sao,1933,0,0
2026-09-05,1670620670137583,BĐS18,120252118880530136,4/9_ Alora Nha Trang Vũ Tùng 0968877000 - JDI LAND_Page mới,2915,0,0
2026-09-05,1670620670137583,BĐS18,120252118880540136,4/9_ Alora Nha Trang Vũ Tùng 0968877000 - JDI LAND_Page mới,660,0,0
2026-09-06,1670620670137583,BĐS18,120252104067140136,2/9_ Alora Nha Trang Vũ Tùng 0968877000 - JDI LAND_Page mới - Bản sao,190188,1,1
2026-09-06,1670620670137583,BĐS18,120252145289640136,6/9_ Alora Nha Trang Vũ Tùng 0968877000 - JDI LAND_Page mới,161468,0,0
2026-09-06,1670620670137583,BĐS18,120252145289670136,6/9_ Alora Nha Trang Vũ Tùng 0968877000 - JDI LAND_Page mới,146129,1,1
2026-09-06,1670620670137583,BĐS18,120252145289690136,6/9_ Alora Nha Trang Vũ Tùng 0968877000 - JDI LAND_Page mới,148532,1,1
2026-09-07,1670620670137583,BĐS18,120252104067140136,2/9_ Alora Nha Trang Vũ Tùng 0968877000 - JDI LAND_Page mới - Bản sao,246392,1,1
2026-09-07,1670620670137583,BĐS18,120252145289640136,6/9_ Alora Nha Trang Vũ Tùng 0968877000 - JDI LAND_Page mới,78250,0,0
2026-09-07,1670620670137583,BĐS18,120252145289670136,6/9_ Alora Nha Trang Vũ Tùng 0968877000 - JDI LAND_Page mới,91333,0,0
2026-09-07,1670620670137583,BĐS18,120252145289690136,6/9_ Alora Nha Trang Vũ Tùng 0968877000 - JDI LAND_Page mới,207603,2,2
2026-09-07,1670620670137583,BĐS18,120252152902540136,7/9_ Alora Nha Trang Vũ Tùng 0968877000 - JDI LAND_Page mới,177137,0,0
2026-09-07,1670620670137583,BĐS18,120252152902550136,7/9_ Alora Nha Trang Vũ Tùng 0968877000 - JDI LAND_Page mới,184507,0,0
2026-09-07,1670620670137583,BĐS18,120252152902580136,7/9_ Alora Nha Trang Vũ Tùng 0968877000 - JDI LAND_Page mới,180553,1,1
2026-09-08,1670620670137583,BĐS18,120252104067140136,2/9_ Alora Nha Trang Vũ Tùng 0968877000 - JDI LAND_Page mới - Bản sao,316820,0,0
2026-09-08,1670620670137583,BĐS18,120252145289690136,6/9_ Alora Nha Trang Vũ Tùng 0968877000 - JDI LAND_Page mới,302873,0,0
2026-09-08,1670620670137583,BĐS18,120252152902540136,7/9_ Alora Nha Trang Vũ Tùng 0968877000 - JDI LAND_Page mới,84593,0,0
2026-09-08,1670620670137583,BĐS18,120252152902550136,7/9_ Alora Nha Trang Vũ Tùng 0968877000 - JDI LAND_Page mới,80327,0,0
2026-09-08,1670620670137583,BĐS18,120252152902580136,7/9_ Alora Nha Trang Vũ Tùng 0968877000 - JDI LAND_Page mới,311449,2,2
2026-09-08,1670620670137583,BĐS18,120252169605250136,8/9_ Alora Nha Trang Vũ Tùng 0968877000 - JDI LAND_Page mới,197085,0,0
2026-09-09,1670620670137583,BĐS18,120252104067140136,2/9_ Alora Nha Trang Vũ Tùng 0968877000 - JDI LAND_Page mới - Bản sao,299511,0,0
2026-09-09,1670620670137583,BĐS18,120252145289690136,6/9_ Alora Nha Trang Vũ Tùng 0968877000 - JDI LAND_Page mới,297676,2,2
2026-09-09,1670620670137583,BĐS18,120252152902580136,7/9_ Alora Nha Trang Vũ Tùng 0968877000 - JDI LAND_Page mới,269596,1,1
2026-09-09,1670620670137583,BĐS18,120252169605250136,8/9_ Alora Nha Trang Vũ Tùng 0968877000 - JDI LAND_Page mới,590,0,0
2026-09-09,1670620670137583,BĐS18,120252181732810136,9/9_ Alora Nha Trang Vũ Tùng 0968877000 - JDI LAND_Page mới,282250,1,1
2026-09-09,1670620670137583,BĐS18,120252181732850136,9/9_ Alora Nha Trang Vũ Tùng 0968877000 - JDI LAND_Page mới,285020,1,2
2026-09-10,1670620670137583,BĐS18,120252104067140136,2/9_ Alora Nha Trang Vũ Tùng 0968877000 - JDI LAND_Page mới - Bản sao,238411,1,1
2026-09-10,1670620670137583,BĐS18,120252145289690136,6/9_ Alora Nha Trang Vũ Tùng 0968877000 - JDI LAND_Page mới,226086,0,0
2026-09-10,1670620670137583,BĐS18,120252152902580136,7/9_ Alora Nha Trang Vũ Tùng 0968877000 - JDI LAND_Page mới,296254,1,1
2026-09-10,1670620670137583,BĐS18,120252181732810136,9/9_ Alora Nha Trang Vũ Tùng 0968877000 - JDI LAND_Page mới,224168,0,0
2026-09-10,1670620670137583,BĐS18,120252181732850136,9/9_ Alora Nha Trang Vũ Tùng 0968877000 - JDI LAND_Page mới,285798,0,0
2026-09-10,1670620670137583,BĐS18,120252207654700136,10/9_ Alora Nha Trang Vũ Tùng 0968877000 - JDI LAND_Page mới,126259,0,0
2026-09-10,1670620670137583,BĐS18,120252207654710136,10/9_ Alora Nha Trang Vũ Tùng 0968877000 - JDI LAND_Page mới,123045,2,2
2026-09-10,1670620670137583,BĐS18,120252207654730136,10/9_ Alora Nha Trang Vũ Tùng 0968877000 - JDI LAND_Page mới,129063,0,0
2026-09-11,1670620670137583,BĐS18,120252152902580136,7/9_ Alora Nha Trang Vũ Tùng 0968877000 - JDI LAND_Page mới,295458,0,0
2026-09-11,1670620670137583,BĐS18,120252181732850136,9/9_ Alora Nha Trang Vũ Tùng 0968877000 - JDI LAND_Page mới,301413,1,0
2026-09-11,1670620670137583,BĐS18,120252207654700136,10/9_ Alora Nha Trang Vũ Tùng 0968877000 - JDI LAND_Page mới,258693,0,0
2026-09-11,1670620670137583,BĐS18,120252207654710136,10/9_ Alora Nha Trang Vũ Tùng 0968877000 - JDI LAND_Page mới,313645,0,0
2026-09-11,1670620670137583,BĐS18,120252207654730136,10/9_ Alora Nha Trang Vũ Tùng 0968877000 - JDI LAND_Page mới,255328,1,1
2026-09-11,1670620670137583,BĐS18,120252226242630136,12/9_ Alora Nha Trang Vũ Tùng 0968877000 - JDI LAND_Page mới,65484,0,0
2026-09-11,1670620670137583,BĐS18,120252226242660136,12/9_ Alora Nha Trang Vũ Tùng 0968877000 - JDI LAND_Page mới,66412,0,0
2026-09-12,1670620670137583,BĐS18,120252207654710136,10/9_ Alora Nha Trang Vũ Tùng 0968877000 - JDI LAND_Page mới,179031,0,0
2026-09-12,1670620670137583,BĐS18,120252226190140136,11/9_ Alora Nha Trang Vũ Tùng 0968877000 - JDI LAND_Page mới,307290,2,2
2026-09-12,1670620670137583,BĐS18,120252226242630136,12/9_ Alora Nha Trang Vũ Tùng 0968877000 - JDI LAND_Page mới,187539,0,0
2026-09-12,1670620670137583,BĐS18,120252226242660136,12/9_ Alora Nha Trang Vũ Tùng 0968877000 - JDI LAND_Page mới,189804,0,0
2026-09-12,1670620670137583,BĐS18,120252226271760136,12/9_ Alora Nha Trang Vũ Tùng 0968877000 - JDI LAND_Page mới,191481,0,0
2026-09-12,1670620670137583,BĐS18,120252226271800136,12/9_ Alora Nha Trang Vũ Tùng 0968877000 - JDI LAND_Page mới,199196,0,0
2026-09-12,1670620670137583,BĐS18,120252234868920136,11/9_ Alora Nha Trang Vũ Tùng 0968877000 - JDI LAND_Page mới,147075,0,0
2026-09-12,1670620670137583,BĐS18,120252234868930136,11/9_ Alora Nha Trang Vũ Tùng 0968877000 - JDI LAND_Page mới,146097,1,1
2026-09-12,1670620670137583,BĐS18,120252234873340136,12/9_ Alora Nha Trang Vũ Tùng 0968877000 - JDI LAND_Page mới - Clip,145583,0,0
2026-09-12,1670620670137583,BĐS18,120252234960410136,12/9_ Alora Nha Trang Vũ Tùng 0968877000 - JDI LAND_Page mới - Clip 2,143707,0,0
2026-09-12,1670620670137583,BĐS18,120252234981920136,12/9_ Alora Nha Trang Vũ Tùng 0968877000 - JDI LAND_Page mới,143173,0,0
2026-09-13,1670620670137583,BĐS18,120252226190140136,11/9_ Alora Nha Trang Vũ Tùng 0968877000 - JDI LAND_Page mới,331435,2,2
2026-09-13,1670620670137583,BĐS18,120252234868920136,11/9_ Alora Nha Trang Vũ Tùng 0968877000 - JDI LAND_Page mới,170530,0,0
2026-09-13,1670620670137583,BĐS18,120252234868930136,11/9_ Alora Nha Trang Vũ Tùng 0968877000 - JDI LAND_Page mới,309097,1,1
2026-09-13,1670620670137583,BĐS18,120252234873340136,12/9_ Alora Nha Trang Vũ Tùng 0968877000 - JDI LAND_Page mới - Clip,196801,0,0
2026-09-13,1670620670137583,BĐS18,120252234960410136,12/9_ Alora Nha Trang Vũ Tùng 0968877000 - JDI LAND_Page mới - Clip 2,181517,0,0
2026-09-13,1670620670137583,BĐS18,120252234981920136,12/9_ Alora Nha Trang Vũ Tùng 0968877000 - JDI LAND_Page mới,167036,0,0
2026-09-13,1670620670137583,BĐS18,120252243798470136,13/9_ Alora Nha Trang Vũ Tùng 0968877000 - JDI LAND_Page mới,127495,0,0
2026-09-13,1670620670137583,BĐS18,120252243798480136,13/9_ Alora Nha Trang Vũ Tùng 0968877000 - JDI LAND_Page mới,127058,0,0
2026-09-14,1670620670137583,BĐS18,120252226190140136,11/9_ Alora Nha Trang Vũ Tùng 0968877000 - JDI LAND_Page mới,332932,1,1
2026-09-14,1670620670137583,BĐS18,120252234868930136,11/9_ Alora Nha Trang Vũ Tùng 0968877000 - JDI LAND_Page mới,258862,0,0
2026-09-14,1670620670137583,BĐS18,120252243798470136,13/9_ Alora Nha Trang Vũ Tùng 0968877000 - JDI LAND_Page mới,344335,2,2
2026-09-14,1670620670137583,BĐS18,120252243798480136,13/9_ Alora Nha Trang Vũ Tùng 0968877000 - JDI LAND_Page mới,208884,0,0
2026-09-14,1670620670137583,BĐS18,120252254109710136,14/9_ Alora Nha Trang Vũ Tùng 0968877000 - JDI LAND_Page mới,156956,0,0
2026-09-14,1670620670137583,BĐS18,120252254109740136,14/9_ Alora Nha Trang Vũ Tùng 0968877000 - JDI LAND_Page mới,142029,0,0
2026-09-14,1670620670137583,BĐS18,120252254109750136,14/9_ Alora Nha Trang Vũ Tùng 0968877000 - JDI LAND_Page mới,151467,1,1
2026-09-15,1670620670137583,BĐS18,120252226190140136,11/9_ Alora Nha Trang Vũ Tùng 0968877000 - JDI LAND_Page mới,207023,0,0
2026-09-15,1670620670137583,BĐS18,120252234868930136,11/9_ Alora Nha Trang Vũ Tùng 0968877000 - JDI LAND_Page mới,266959,2,4
2026-09-15,1670620670137583,BĐS18,120252243798470136,13/9_ Alora Nha Trang Vũ Tùng 0968877000 - JDI LAND_Page mới,427301,1,2
2026-09-15,1670620670137583,BĐS18,120252254109750136,14/9_ Alora Nha Trang Vũ Tùng 0968877000 - JDI LAND_Page mới,283639,1,1
2026-09-15,1670620670137583,BĐS18,120252262093740136,15/9_ Alora Nha Trang Vũ Tùng 0968877000 - JDI LAND_Page mới,250639,2,3
2026-09-15,1670620670137583,BĐS18,120252262093750136,15/9_ Alora Nha Trang Vũ Tùng 0968877000 - JDI LAND_Page mới,219231,0,0
2026-09-15,1670620670137583,BĐS18,120252262093760136,15/9_ Alora Nha Trang Vũ Tùng 0968877000 - JDI LAND_Page mới,213312,0,0
2026-09-15,1670620670137583,BĐS18,120252266587170136,15/9_ Alora Nha Trang Vũ Tùng 0968877000 - JDI LAND_Page mới,193137,0,0
2026-09-15,1670620670137583,BĐS18,120252266601640136,15/9_ Alora Nha Trang Vũ Tùng 0968877000 - JDI LAND_Page mới,297105,0,0
2026-09-15,1670620670137583,BĐS18,120252267641020136,15/9_ Alora Nha Trang Vũ Tùng 0968877000 - JDI LAND_Page mới,222750,0,0
2026-09-16,1670620670137583,BĐS18,120252234868930136,11/9_ Alora Nha Trang Vũ Tùng 0968877000 - JDI LAND_Page mới,287927,3,4
2026-09-16,1670620670137583,BĐS18,120252254109750136,14/9_ Alora Nha Trang Vũ Tùng 0968877000 - JDI LAND_Page mới,226574,0,0
2026-09-16,1670620670137583,BĐS18,120252262093740136,15/9_ Alora Nha Trang Vũ Tùng 0968877000 - JDI LAND_Page mới,240254,0,0
2026-09-16,1670620670137583,BĐS18,120252275204360136,15/9_ Alora Nha Trang Vũ Tùng 0968877000 - JDI LAND_Page mới,189722,0,0
2026-09-16,1670620670137583,BĐS18,120252275204420136,15/9_ Alora Nha Trang Vũ Tùng 0968877000 - JDI LAND_Page mới,186027,0,0
2026-09-16,1670620670137583,BĐS18,120252275204430136,15/9_ Alora Nha Trang Vũ Tùng 0968877000 - JDI LAND_Page mới,195364,0,0
2026-09-16,1670620670137583,BĐS18,120252275215570136,15/9_ Alora Nha Trang Vũ Tùng 0968877000 - JDI LAND_Page mới,225480,0,0
2026-09-16,1670620670137583,BĐS18,120252289141030136,17/9_ Alora Nha Trang Vũ Tùng 0968877000 - JDI LAND_Page mới,23249,0,0
2026-09-16,1670620670137583,BĐS18,120252289141040136,17/9_ Alora Nha Trang Vũ Tùng 0968877000 - JDI LAND_Page mới,33814,0,0
2026-09-16,1670620670137583,BĐS18,120252289141050136,17/9_ Alora Nha Trang Vũ Tùng 0968877000 - JDI LAND_Page mới,2886,0,0
2026-09-16,1670620670137583,BĐS18,120252289141110136,17/9_ Alora Nha Trang Vũ Tùng 0968877000 - JDI LAND_Page mới,2425,0,0
2026-09-16,1670620670137583,BĐS18,120252289141120136,17/9_ Alora Nha Trang Vũ Tùng 0968877000 - JDI LAND_Page mới,2375,0,0
2026-09-17,1670620670137583,BĐS18,120252234868930136,11/9_ Alora Nha Trang Vũ Tùng 0968877000 - JDI LAND_Page mới,505845,2,2
2026-09-17,1670620670137583,BĐS18,120252262093740136,15/9_ Alora Nha Trang Vũ Tùng 0968877000 - JDI LAND_Page mới,152384,0,0
2026-09-17,1670620670137583,BĐS18,120252289141030136,17/9_ Alora Nha Trang Vũ Tùng 0968877000 - JDI LAND_Page mới,217591,0,0
2026-09-17,1670620670137583,BĐS18,120252289141040136,17/9_ Alora Nha Trang Vũ Tùng 0968877000 - JDI LAND_Page mới,215412,0,0
2026-09-17,1670620670137583,BĐS18,120252289141050136,17/9_ Alora Nha Trang Vũ Tùng 0968877000 - JDI LAND_Page mới,269334,1,1
2026-09-17,1670620670137583,BĐS18,120252289141110136,17/9_ Alora Nha Trang Vũ Tùng 0968877000 - JDI LAND_Page mới,201731,0,0
2026-09-17,1670620670137583,BĐS18,120252289141120136,17/9_ Alora Nha Trang Vũ Tùng 0968877000 - JDI LAND_Page mới,199215,0,0
2026-09-17,1670620670137583,BĐS18,120252303591320136,17/9_ Alora Nha Trang Vũ Tùng 0968877000 - JDI LAND_Page mới - Bản sao,47297,0,0
2026-09-17,1670620670137583,BĐS18,120252303591330136,17/9_ Alora Nha Trang Vũ Tùng 0968877000 - JDI LAND_Page mới - Bản sao,38693,0,0
2026-09-17,1670620670137583,BĐS18,120252303591410136,17/9_ Alora Nha Trang Vũ Tùng 0968877000 - JDI LAND_Page mới - Bản sao,37620,0,0
2026-09-17,1670620670137583,BĐS18,120252303591420136,17/9_ Alora Nha Trang Vũ Tùng 0968877000 - JDI LAND_Page mới - Bản sao,52084,0,0
2026-09-18,1670620670137583,BĐS18,120252234868930136,11/9_ Alora Nha Trang Vũ Tùng 0968877000 - JDI LAND_Page mới,102638,0,0
2026-09-18,1670620670137583,BĐS18,120252289141050136,17/9_ Alora Nha Trang Vũ Tùng 0968877000 - JDI LAND_Page mới,73012,0,0
2026-09-18,1670620670137583,BĐS18,120252303591320136,17/9_ Alora Nha Trang Vũ Tùng 0968877000 - JDI LAND_Page mới - Bản sao,123839,0,0
2026-09-18,1670620670137583,BĐS18,120252303591330136,17/9_ Alora Nha Trang Vũ Tùng 0968877000 - JDI LAND_Page mới - Bản sao,217455,0,0
2026-09-18,1670620670137583,BĐS18,120252303591410136,17/9_ Alora Nha Trang Vũ Tùng 0968877000 - JDI LAND_Page mới - Bản sao,101459,0,0
2026-09-18,1670620670137583,BĐS18,120252303591420136,17/9_ Alora Nha Trang Vũ Tùng 0968877000 - JDI LAND_Page mới - Bản sao,99939,0,0
2026-09-19,1670620670137583,BĐS18,120252318569730136,18/9_ Alora Nha Trang Vũ Tùng 0968877000 - JDI LAND_Page mới,212017,0,0
2026-09-19,1670620670137583,BĐS18,120252318597100136,18/9_ Alora Nha Trang Vũ Tùng 0968877000 - JDI LAND_Page mới,287056,1,1
2026-09-19,1670620670137583,BĐS18,120252318597110136,18/9_ Alora Nha Trang Vũ Tùng 0968877000 - JDI LAND_Page mới,300707,1,1
2026-09-19,1670620670137583,BĐS18,120252318597120136,18/9_ Alora Nha Trang Vũ Tùng 0968877000 - JDI LAND_Page mới,163737,0,0
2026-09-19,1670620670137583,BĐS18,120252318597170136,18/9_ Alora Nha Trang Vũ Tùng 0968877000 - JDI LAND_Page mới,223160,0,0
2026-09-19,1670620670137583,BĐS18,120252318597190136,18/9_ Alora Nha Trang Vũ Tùng 0968877000 - JDI LAND_Page mới,152834,0,0
2026-09-20,1670620670137583,BĐS18,120252334862450136,20/9_ Alora Nha Trang Vũ Tùng 0968877000 - JDI LAND,319023,2,2
2026-09-20,1670620670137583,BĐS18,120252334906220136,20/9_ Alora Nha Trang Vũ Tùng 0968877000 - JDI LAND,322439,1,2
2026-09-20,1670620670137583,BĐS18,120252334929800136,20/9_ Alora Nha Trang Vũ Tùng 0968877000 - JDI LAND - ảnh mới,245353,0,0
2026-09-20,1670620670137583,BĐS18,120252334978750136,20/9_ Alora Nha Trang Vũ Tùng 0968877000 - JDI LAND - ảnh mới,240530,0,0
2026-09-20,1670620670137583,BĐS18,120252340439300136,20/9_ Alora Nha Trang Vũ Tùng 0968877000 - JDI LAND,201188,0,0
2026-09-20,1670620670137583,BĐS18,120252340439310136,20/9_ Alora Nha Trang Vũ Tùng 0968877000 - JDI LAND,165071,0,0
2026-09-20,1670620670137583,BĐS18,120252340439320136,20/9_ Alora Nha Trang Vũ Tùng 0968877000 - JDI LAND,194579,1,1
2026-09-20,1670620670137583,BĐS18,120252340439360136,20/9_ Alora Nha Trang Vũ Tùng 0968877000 - JDI LAND,199090,1,1
2026-09-21,1670620670137583,BĐS18,120252334862450136,20/9_ Alora Nha Trang Vũ Tùng 0968877000 - JDI LAND,274210,0,0
2026-09-21,1670620670137583,BĐS18,120252340439320136,20/9_ Alora Nha Trang Vũ Tùng 0968877000 - JDI LAND,120029,0,0
2026-09-21,1670620670137583,BĐS18,120252340439360136,20/9_ Alora Nha Trang Vũ Tùng 0968877000 - JDI LAND,124855,0,0
2026-09-21,1670620670137583,BĐS18,120252347040530136,21/9_ Alora Nha Trang Vũ Tùng 0968877000 - JDI LAND,222327,0,0
2026-09-21,1670620670137583,BĐS18,120252347040540136,21/9_ Alora Nha Trang Vũ Tùng 0968877000 - JDI LAND,319335,1,1
2026-09-21,1670620670137583,BĐS18,120252347040580136,21/9_ Alora Nha Trang Vũ Tùng 0968877000 - JDI LAND,207971,0,0
2026-09-21,1670620670137583,BĐS18,120252350157350136,21/9_ Alora Nha Trang Vũ Tùng 0968877000 - JDI LAND,32728,0,0
2026-09-21,1670620670137583,BĐS18,120252350157360136,21/9_ Alora Nha Trang Vũ Tùng 0968877000 - JDI LAND,190544,0,0
2026-09-21,1670620670137583,BĐS18,120252350157370136,21/9_ Alora Nha Trang Vũ Tùng 0968877000 - JDI LAND,29912,0,0
2026-09-21,1670620670137583,BĐS18,120252352054410136,21/9_ Alora Nha Trang Vũ Tùng 0968877000 - JDI LAND,219826,2,2
2026-09-21,1670620670137583,BĐS18,120252352131470136,21/9_ Alora Nha Trang Vũ Tùng 0968877000 - JDI LAND,155385,0,0
2026-09-21,1670620670137583,BĐS18,120252360822560136,21/9_ Alora Nha Trang Vũ Tùng 0968877000 - JDI LAND - Bản sao,24060,0,0
2026-09-21,1670620670137583,BĐS18,120252360842230136,21/9_ Alora Nha Trang Vũ Tùng 0968877000 - JDI LAND - Bản sao 2,21390,0,0
2026-09-22,1670620670137583,BĐS18,120252347040540136,21/9_ Alora Nha Trang Vũ Tùng 0968877000 - JDI LAND,212090,1,1
2026-09-22,1670620670137583,BĐS18,120252352054410136,21/9_ Alora Nha Trang Vũ Tùng 0968877000 - JDI LAND,181824,1,1
2026-09-22,1670620670137583,BĐS18,120252360822560136,21/9_ Alora Nha Trang Vũ Tùng 0968877000 - JDI LAND - Bản sao,195094,0,0
2026-09-22,1670620670137583,BĐS18,120252360842230136,21/9_ Alora Nha Trang Vũ Tùng 0968877000 - JDI LAND - Bản sao 2,210121,1,1
2026-09-01,1461876361337755,BĐS 11,120252708356220174,18/8_C Hà - MKT Le Parc Place- Cen Land 0969801008 và 0968228278 - Bản sao,511724,3,3
2026-09-02,1461876361337755,BĐS 11,120252708356220174,18/8_C Hà - MKT Le Parc Place- Cen Land 0969801008 và 0968228278 - Bản sao,854852,8,7
2026-09-03,1461876361337755,BĐS 11,120252708356220174,18/8_C Hà - MKT Le Parc Place- Cen Land 0969801008 và 0968228278 - Bản sao,500045,2,3
2026-09-04,1461876361337755,BĐS 11,120252708356220174,18/8_C Hà - MKT Le Parc Place- Cen Land 0969801008 và 0968228278 - Bản sao,658035,5,6
2026-09-05,1461876361337755,BĐS 11,120252708356220174,18/8_C Hà - MKT Le Parc Place- Cen Land 0969801008 và 0968228278 - Bản sao,642276,8,8
2026-09-06,1461876361337755,BĐS 11,120252708356220174,18/8_C Hà - MKT Le Parc Place- Cen Land 0969801008 và 0968228278 - Bản sao,945612,7,9
2026-09-07,1461876361337755,BĐS 11,120252708356220174,18/8_C Hà - MKT Le Parc Place- Cen Land 0969801008 và 0968228278 - Bản sao,440255,4,4
2026-09-08,1461876361337755,BĐS 11,120252708356220174,18/8_C Hà - MKT Le Parc Place- Cen Land 0969801008 và 0968228278 - Bản sao,693228,3,3
2026-09-09,1461876361337755,BĐS 11,120252708356220174,18/8_C Hà - MKT Le Parc Place- Cen Land 0969801008 và 0968228278 - Bản sao,683963,4,4
2026-09-10,1461876361337755,BĐS 11,120252708356220174,18/8_C Hà - MKT Le Parc Place- Cen Land 0969801008 và 0968228278 - Bản sao,746558,2,2
2026-09-11,1461876361337755,BĐS 11,120252708356220174,18/8_C Hà - MKT Le Parc Place- Cen Land 0969801008 và 0968228278 - Bản sao,698856,2,2
2026-09-12,1461876361337755,BĐS 11,120252708356220174,18/8_C Hà - MKT Le Parc Place- Cen Land 0969801008 và 0968228278 - Bản sao,691528,2,2
2026-09-13,1461876361337755,BĐS 11,120252708356220174,18/8_C Hà - MKT Le Parc Place- Cen Land 0969801008 và 0968228278 - Bản sao,814691,2,2
2026-09-14,1461876361337755,BĐS 11,120252708356220174,18/8_C Hà - MKT Le Parc Place- Cen Land 0969801008 và 0968228278 - Bản sao,275490,2,2
2026-09-04,953484472972242,BĐS19,120243770351340223,26/4_Vin Hạ Long Xanh_C Thuý_Cen Land (trc Minh Minh),1344278,6,2
2026-09-05,953484472972242,BĐS19,120243770351340223,26/4_Vin Hạ Long Xanh_C Thuý_Cen Land (trc Minh Minh),900167,2,0
2026-09-06,953484472972242,BĐS19,120243770351340223,26/4_Vin Hạ Long Xanh_C Thuý_Cen Land (trc Minh Minh),1894823,7,2
2026-09-07,953484472972242,BĐS19,120243770351340223,26/4_Vin Hạ Long Xanh_C Thuý_Cen Land (trc Minh Minh),0,0,0
2026-09-07,953484472972242,BĐS19,120250787829030223,6/9_Vin Hạ Long Xanh_C Thuý_Cen Land,814965,0,0
2026-09-08,953484472972242,BĐS19,120243770351340223,26/4_Vin Hạ Long Xanh_C Thuý_Cen Land (trc Minh Minh),0,0,0
2026-09-08,953484472972242,BĐS19,120250787829030223,6/9_Vin Hạ Long Xanh_C Thuý_Cen Land,1480881,0,0
2026-09-09,953484472972242,BĐS19,120243770351340223,26/4_Vin Hạ Long Xanh_C Thuý_Cen Land (trc Minh Minh),0,0,0
2026-09-09,953484472972242,BĐS19,120250787829030223,6/9_Vin Hạ Long Xanh_C Thuý_Cen Land,1000874,1,1
2026-09-10,953484472972242,BĐS19,120243770351340223,26/4_Vin Hạ Long Xanh_C Thuý_Cen Land (trc Minh Minh),0,1,0
2026-09-10,953484472972242,BĐS19,120250787829030223,6/9_Vin Hạ Long Xanh_C Thuý_Cen Land,973875,0,0
2026-09-11,953484472972242,BĐS19,120250787829030223,6/9_Vin Hạ Long Xanh_C Thuý_Cen Land,1582692,1,1
2026-09-12,953484472972242,BĐS19,120250787829030223,6/9_Vin Hạ Long Xanh_C Thuý_Cen Land,1358281,0,0
2026-09-13,953484472972242,BĐS19,120250787829030223,6/9_Vin Hạ Long Xanh_C Thuý_Cen Land,1637542,4,4
2026-09-14,953484472972242,BĐS19,120250787829030223,6/9_Vin Hạ Long Xanh_C Thuý_Cen Land,1420286,1,1
2026-09-15,953484472972242,BĐS19,120250787829030223,6/9_Vin Hạ Long Xanh_C Thuý_Cen Land,776253,0,1
2026-09-16,953484472972242,BĐS19,120250787829030223,6/9_Vin Hạ Long Xanh_C Thuý_Cen Land,611144,1,1
2026-09-17,953484472972242,BĐS19,120250787829030223,6/9_Vin Hạ Long Xanh_C Thuý_Cen Land,714633,0,0
2026-09-18,953484472972242,BĐS19,120250787829030223,6/9_Vin Hạ Long Xanh_C Thuý_Cen Land,632897,0,0
2026-09-19,953484472972242,BĐS19,120250787829030223,6/9_Vin Hạ Long Xanh_C Thuý_Cen Land,488145,1,1
2026-09-20,953484472972242,BĐS19,120250787829030223,6/9_Vin Hạ Long Xanh_C Thuý_Cen Land,335495,0,0
2026-09-01,1870368286813057,BĐS28,120244060941580245,22/4_Sun Urban Minh Quân SRT DB-S5-9.2,565738,3,3
2026-09-01,1870368286813057,BĐS28,120249616846540245,Prima A Hoàn 0934289366 SRT Đông Bắc - SRT DB-S9-8.5,0,0,1
2026-09-01,1870368286813057,BĐS28,120249923685200245,19/8_Sun Urban Minh Quân SRT DB-S5-9.2,259780,2,0
2026-09-02,1870368286813057,BĐS28,120244060941580245,22/4_Sun Urban Minh Quân SRT DB-S5-9.2,614569,0,0
2026-09-02,1870368286813057,BĐS28,120249923685200245,19/8_Sun Urban Minh Quân SRT DB-S5-9.2,296560,0,0
2026-09-03,1870368286813057,BĐS28,120244060941580245,22/4_Sun Urban Minh Quân SRT DB-S5-9.2,664348,2,2
2026-09-03,1870368286813057,BĐS28,120249923685200245,19/8_Sun Urban Minh Quân SRT DB-S5-9.2,306334,3,0
2026-09-04,1870368286813057,BĐS28,120244060941580245,22/4_Sun Urban Minh Quân SRT DB-S5-9.2,899236,3,4
2026-09-04,1870368286813057,BĐS28,120249923685200245,19/8_Sun Urban Minh Quân SRT DB-S5-9.2,274175,0,0
2026-09-04,1870368286813057,BĐS28,120250208576790245,4/9_Prima Bay T9 - Tân S8 ĐB - 0916.206.000- SRT DB-S8-9.6,189238,1,1
2026-09-04,1870368286813057,BĐS28,120250208703900245,4/9_Prima Bay T9 - Tân S8 ĐB - 0916.206.000- SRT DB-S8-9.6,209273,1,1
2026-09-04,1870368286813057,BĐS28,120250208716890245,4/9_Prima Bay T9 - Tân S8 ĐB - 0916.206.000- SRT DB-S8-9.6,219566,0,0
2026-09-05,1870368286813057,BĐS28,120244060941580245,22/4_Sun Urban Minh Quân SRT DB-S5-9.2,879401,2,2
2026-09-05,1870368286813057,BĐS28,120249923685200245,19/8_Sun Urban Minh Quân SRT DB-S5-9.2,262972,3,1
2026-09-05,1870368286813057,BĐS28,120250208576790245,4/9_Prima Bay T9 - Tân S8 ĐB - 0916.206.000- SRT DB-S8-9.6,803921,3,4
2026-09-05,1870368286813057,BĐS28,120250208703900245,4/9_Prima Bay T9 - Tân S8 ĐB - 0916.206.000- SRT DB-S8-9.6,212739,1,1
2026-09-05,1870368286813057,BĐS28,120250208716890245,4/9_Prima Bay T9 - Tân S8 ĐB - 0916.206.000- SRT DB-S8-9.6,275635,2,3
2026-09-06,1870368286813057,BĐS28,120244060941580245,22/4_Sun Urban Minh Quân SRT DB-S5-9.2,880494,1,1
2026-09-06,1870368286813057,BĐS28,120249923685200245,19/8_Sun Urban Minh Quân SRT DB-S5-9.2,237637,2,0
2026-09-06,1870368286813057,BĐS28,120250208576790245,4/9_Prima Bay T9 - Tân S8 ĐB - 0916.206.000- SRT DB-S8-9.6,641275,2,2
2026-09-06,1870368286813057,BĐS28,120250208716890245,4/9_Prima Bay T9 - Tân S8 ĐB - 0916.206.000- SRT DB-S8-9.6,885712,2,3
2026-09-07,1870368286813057,BĐS28,120244060941580245,22/4_Sun Urban Minh Quân SRT DB-S5-9.2,786222,3,3
2026-09-07,1870368286813057,BĐS28,120249923685200245,19/8_Sun Urban Minh Quân SRT DB-S5-9.2,116937,2,0
2026-09-07,1870368286813057,BĐS28,120250208576790245,4/9_Prima Bay T9 - Tân S8 ĐB - 0916.206.000- SRT DB-S8-9.6,441864,0,0
2026-09-07,1870368286813057,BĐS28,120250208716890245,4/9_Prima Bay T9 - Tân S8 ĐB - 0916.206.000- SRT DB-S8-9.6,953665,1,1
2026-09-08,1870368286813057,BĐS28,120244060941580245,22/4_Sun Urban Minh Quân SRT DB-S5-9.2,846679,2,2
2026-09-08,1870368286813057,BĐS28,120249923685200245,19/8_Sun Urban Minh Quân SRT DB-S5-9.2,266272,5,0
2026-09-08,1870368286813057,BĐS28,120250208576790245,4/9_Prima Bay T9 - Tân S8 ĐB - 0916.206.000- SRT DB-S8-9.6,792970,1,1
2026-09-08,1870368286813057,BĐS28,120250208716890245,4/9_Prima Bay T9 - Tân S8 ĐB - 0916.206.000- SRT DB-S8-9.6,848054,2,2
2026-09-09,1870368286813057,BĐS28,120244060941580245,22/4_Sun Urban Minh Quân SRT DB-S5-9.2,606937,1,0
2026-09-09,1870368286813057,BĐS28,120249923685200245,19/8_Sun Urban Minh Quân SRT DB-S5-9.2,227413,6,0
2026-09-09,1870368286813057,BĐS28,120250208576790245,4/9_Prima Bay T9 - Tân S8 ĐB - 0916.206.000- SRT DB-S8-9.6,799593,0,0
2026-09-09,1870368286813057,BĐS28,120250208716890245,4/9_Prima Bay T9 - Tân S8 ĐB - 0916.206.000- SRT DB-S8-9.6,825737,2,2
2026-09-10,1870368286813057,BĐS28,120244060941580245,22/4_Sun Urban Minh Quân SRT DB-S5-9.2,765370,1,1
2026-09-10,1870368286813057,BĐS28,120249923685200245,19/8_Sun Urban Minh Quân SRT DB-S5-9.2,39340,2,0
2026-09-10,1870368286813057,BĐS28,120250208576790245,4/9_Prima Bay T9 - Tân S8 ĐB - 0916.206.000- SRT DB-S8-9.6,533372,0,0
2026-09-10,1870368286813057,BĐS28,120250208716890245,4/9_Prima Bay T9 - Tân S8 ĐB - 0916.206.000- SRT DB-S8-9.6,1135625,1,0
2026-09-10,1870368286813057,BĐS28,120250306462330245,10/9_Sun Urban Minh Quân SRT DB-S5-9.2,273928,1,1
2026-09-11,1870368286813057,BĐS28,120244060941580245,22/4_Sun Urban Minh Quân SRT DB-S5-9.2,53163,0,0
2026-09-11,1870368286813057,BĐS28,120249923685200245,19/8_Sun Urban Minh Quân SRT DB-S5-9.2,0,0,0
2026-09-11,1870368286813057,BĐS28,120250208576790245,4/9_Prima Bay T9 - Tân S8 ĐB - 0916.206.000- SRT DB-S8-9.6,723523,0,0
2026-09-11,1870368286813057,BĐS28,120250208716890245,4/9_Prima Bay T9 - Tân S8 ĐB - 0916.206.000- SRT DB-S8-9.6,954592,0,0
2026-09-11,1870368286813057,BĐS28,120250306462330245,10/9_Sun Urban Minh Quân SRT DB-S5-9.2,569347,3,3
2026-09-11,1870368286813057,BĐS28,120250324622320245,11/9_Sun Urban Minh Quân SRT DB-S5-9.2,427599,0,0
2026-09-11,1870368286813057,BĐS28,120250336720760245,11/9_Prima Bay T9 - Tân S8 ĐB - 0916.206.000- SRT DB-S8-9.6 - số 2,70926,0,0
2026-09-11,1870368286813057,BĐS28,120250336737770245,11/9_Prima Bay T9 - Tân S8 ĐB - 0916.206.000- SRT DB-S8-9.6 - số 3,122915,0,0
2026-09-12,1870368286813057,BĐS28,120250208716890245,4/9_Prima Bay T9 - Tân S8 ĐB - 0916.206.000- SRT DB-S8-9.6,260439,0,0
2026-09-12,1870368286813057,BĐS28,120250306462330245,10/9_Sun Urban Minh Quân SRT DB-S5-9.2,659916,1,1
2026-09-12,1870368286813057,BĐS28,120250324622320245,11/9_Sun Urban Minh Quân SRT DB-S5-9.2,8683,1,1
2026-09-12,1870368286813057,BĐS28,120250336682410245,11/9_Prima Bay T9 - Tân S8 ĐB - 0916.206.000- SRT DB-S8-9.6 - số 1,289898,0,0
2026-09-12,1870368286813057,BĐS28,120250336720760245,11/9_Prima Bay T9 - Tân S8 ĐB - 0916.206.000- SRT DB-S8-9.6 - số 2,257274,0,0
2026-09-12,1870368286813057,BĐS28,120250336737770245,11/9_Prima Bay T9 - Tân S8 ĐB - 0916.206.000- SRT DB-S8-9.6 - số 3,538190,0,0
2026-09-12,1870368286813057,BĐS28,120250340591130245,11/9_Sun Urban Minh Quân SRT DB-S5-9.2,189758,1,1
2026-09-13,1870368286813057,BĐS28,120250208716890245,4/9_Prima Bay T9 - Tân S8 ĐB - 0916.206.000- SRT DB-S8-9.6,189782,0,0
2026-09-13,1870368286813057,BĐS28,120250306462330245,10/9_Sun Urban Minh Quân SRT DB-S5-9.2,778205,0,0
2026-09-13,1870368286813057,BĐS28,120250336682410245,11/9_Prima Bay T9 - Tân S8 ĐB - 0916.206.000- SRT DB-S8-9.6 - số 1,162028,0,0
2026-09-13,1870368286813057,BĐS28,120250336720760245,11/9_Prima Bay T9 - Tân S8 ĐB - 0916.206.000- SRT DB-S8-9.6 - số 2,369791,1,1
2026-09-13,1870368286813057,BĐS28,120250336737770245,11/9_Prima Bay T9 - Tân S8 ĐB - 0916.206.000- SRT DB-S8-9.6 - số 3,287697,0,0
2026-09-13,1870368286813057,BĐS28,120250340591130245,11/9_Sun Urban Minh Quân SRT DB-S5-9.2,306254,0,0
2026-09-13,1870368286813057,BĐS28,120250355523610245,13/9_Prima Bay T9 - Tân S8 ĐB - 0916.206.000- SRT DB-S8-9.6 - số 2,184120,1,1
2026-09-13,1870368286813057,BĐS28,120250355526730245,13/9_Prima Bay T9 - Tân S8 ĐB - 0916.206.000- SRT DB-S8-9.6,157817,0,0
2026-09-14,1870368286813057,BĐS28,120250306462330245,10/9_Sun Urban Minh Quân SRT DB-S5-9.2,507018,1,0
2026-09-14,1870368286813057,BĐS28,120250336720760245,11/9_Prima Bay T9 - Tân S8 ĐB - 0916.206.000- SRT DB-S8-9.6 - số 2,0,0,1
2026-09-14,1870368286813057,BĐS28,120250340591130245,11/9_Sun Urban Minh Quân SRT DB-S5-9.2,226269,1,1
2026-09-14,1870368286813057,BĐS28,120250355523610245,13/9_Prima Bay T9 - Tân S8 ĐB - 0916.206.000- SRT DB-S8-9.6 - số 2,340562,0,0
2026-09-14,1870368286813057,BĐS28,120250355526730245,13/9_Prima Bay T9 - Tân S8 ĐB - 0916.206.000- SRT DB-S8-9.6,263099,0,0
2026-09-14,1870368286813057,BĐS28,120250359601350245,13/9_Prima Bay T9 - Tân S8 ĐB - 0916.206.000- SRT DB-S8-9.6 - số 2 - Bản sao,273272,0,0
2026-09-14,1870368286813057,BĐS28,120250359601360245,13/9_Prima Bay T9 - Tân S8 ĐB - 0916.206.000- SRT DB-S8-9.6 - số 2 - Bản sao,271117,0,0
2026-09-14,1870368286813057,BĐS28,120250359601420245,13/9_Prima Bay T9 - Tân S8 ĐB - 0916.206.000- SRT DB-S8-9.6 - số 2 - Bản sao,276444,0,0
2026-09-15,1870368286813057,BĐS28,120250340591130245,11/9_Sun Urban Minh Quân SRT DB-S5-9.2,290796,1,1
2026-09-15,1870368286813057,BĐS28,120250374936460245,14/9_Sun Urban Minh Quân SRT DB-S5-9.2,487874,2,2
2026-09-15,1870368286813057,BĐS28,120250375495540245,15/9_Prima Bay T9 - Tân S8 ĐB - 0916.206.000- SRT DB-S8-9.6,237350,0,0
2026-09-15,1870368286813057,BĐS28,120250375521760245,15/9_Prima Bay T9 - Tân S8 ĐB - 0916.206.000- SRT DB-S8-9.6,356923,1,1
2026-09-15,1870368286813057,BĐS28,120250375524820245,15/9_Prima Bay T9 - Tân S8 ĐB - 0916.206.000- SRT DB-S8-9.6,281253,0,0
2026-09-15,1870368286813057,BĐS28,120250375545450245,15/9_Prima Bay T9 - Tân S8 ĐB - 0916.206.000- SRT DB-S8-9.6,333415,0,0
2026-09-16,1870368286813057,BĐS28,120250340591130245,11/9_Sun Urban Minh Quân SRT DB-S5-9.2,225044,1,1
2026-09-16,1870368286813057,BĐS28,120250374936460245,14/9_Sun Urban Minh Quân SRT DB-S5-9.2,632921,1,1
2026-09-16,1870368286813057,BĐS28,120250375521760245,15/9_Prima Bay T9 - Tân S8 ĐB - 0916.206.000- SRT DB-S8-9.6,196971,0,0
2026-09-16,1870368286813057,BĐS28,120250390139280245,15/9_Prima Bay T9 - Tân S8 ĐB - 0916.206.000- SRT DB-S8-9.6,221076,0,0
2026-09-16,1870368286813057,BĐS28,120250391881520245,15/9_Prima Bay T9 - Tân S8 ĐB - 0916.206.000- SRT DB-S8-9.6 - Bản sao,183399,0,1
2026-09-16,1870368286813057,BĐS28,120250391881540245,15/9_Prima Bay T9 - Tân S8 ĐB - 0916.206.000- SRT DB-S8-9.6 - Bản sao,154715,0,0
2026-09-16,1870368286813057,BĐS28,120250391898190245,15/9_Prima Bay T9 - Tân S8 ĐB - 0916.206.000- SRT DB-S8-9.6 - Bản sao,210679,0,0
2026-09-16,1870368286813057,BĐS28,120250391898200245,15/9_Prima Bay T9 - Tân S8 ĐB - 0916.206.000- SRT DB-S8-9.6 - Bản sao,176469,0,0
2026-09-17,1870368286813057,BĐS28,120250340591130245,11/9_Sun Urban Minh Quân SRT DB-S5-9.2,338158,0,0
2026-09-17,1870368286813057,BĐS28,120250374936460245,14/9_Sun Urban Minh Quân SRT DB-S5-9.2,783303,1,0
2026-09-17,1870368286813057,BĐS28,120250391881520245,15/9_Prima Bay T9 - Tân S8 ĐB - 0916.206.000- SRT DB-S8-9.6 - Bản sao,345538,0,0
2026-09-17,1870368286813057,BĐS28,120250391881540245,15/9_Prima Bay T9 - Tân S8 ĐB - 0916.206.000- SRT DB-S8-9.6 - Bản sao,126624,0,0
2026-09-17,1870368286813057,BĐS28,120250391898200245,15/9_Prima Bay T9 - Tân S8 ĐB - 0916.206.000- SRT DB-S8-9.6 - Bản sao,138454,0,0
2026-09-17,1870368286813057,BĐS28,120250408854460245,16/9_Prima Bay T9 - Tân S8 ĐB - 0916.206.000- SRT DB-S8-9.6,213064,0,0
2026-09-17,1870368286813057,BĐS28,120250416846580245,16/9_Prima Bay T9 - Tân S8 ĐB - 0916.206.000- SRT DB-S8-9.6,165425,0,0
2026-09-18,1870368286813057,BĐS28,120250391881520245,15/9_Prima Bay T9 - Tân S8 ĐB - 0916.206.000- SRT DB-S8-9.6 - Bản sao,237953,0,0
2026-09-18,1870368286813057,BĐS28,120250408854460245,16/9_Prima Bay T9 - Tân S8 ĐB - 0916.206.000- SRT DB-S8-9.6,205748,0,0
2026-09-18,1870368286813057,BĐS28,120250416846580245,16/9_Prima Bay T9 - Tân S8 ĐB - 0916.206.000- SRT DB-S8-9.6,172864,0,0
2026-09-18,1870368286813057,BĐS28,120250425299660245,17/9_Sun Urban Minh Quân SRT DB-S5-9.2,264455,0,0
2026-09-18,1870368286813057,BĐS28,120250429679080245,18/9_Sun Urban Minh Quân SRT DB-S5-9.2,248426,0,0
2026-09-19,1870368286813057,BĐS28,120250444836000245,19/9_Prima Bay T9 - Tân S8 ĐB - 0916.206.000- SRT DB-S8-9.6,309826,1,1
2026-09-19,1870368286813057,BĐS28,120250445119840245,19/9_Prima Bay T9 - Tân S8 ĐB - 0916.206.000- SRT DB-S8-9.6 - mới 2,304314,0,0
2026-09-19,1870368286813057,BĐS28,120250445277970245,19/9_Prima Bay T9 - Tân S8 ĐB - 0916.206.000- SRT DB-S8-9.6 - mới 3,302191,0,0
2026-09-19,1870368286813057,BĐS28,120250445341240245,19/9_Prima Bay T9 - Tân S8 ĐB - 0916.206.000- SRT DB-S8-9.6 - mới 4,302417,0,0
2026-09-19,1870368286813057,BĐS28,120250445374760245,19/9_Prima Bay T9 - Tân S8 ĐB - 0916.206.000- SRT DB-S8-9.6 - mới 5,303379,0,0
2026-09-20,1870368286813057,BĐS28,120250444836000245,19/9_Prima Bay T9 - Tân S8 ĐB - 0916.206.000- SRT DB-S8-9.6,106922,0,0
2026-09-20,1870368286813057,BĐS28,120250459274530245,20/9_Prima Bay T9 - Tân S8 ĐB - 0916.206.000- SRT DB-S8-9.6,382378,1,1
2026-09-20,1870368286813057,BĐS28,120250459293380245,20/9_Prima Bay T9 - Tân S8 ĐB - 0916.206.000- SRT DB-S8-9.6 - Bản sao,312058,0,0
2026-09-20,1870368286813057,BĐS28,120250459293420245,20/9_Prima Bay T9 - Tân S8 ĐB - 0916.206.000- SRT DB-S8-9.6 - Bản sao,319128,0,0
2026-09-21,1870368286813057,BĐS28,120250459274530245,20/9_Prima Bay T9 - Tân S8 ĐB - 0916.206.000- SRT DB-S8-9.6,122317,0,0
2026-09-21,1870368286813057,BĐS28,120250474710570245,21/9_Prima Bay T9 - Tân S8 ĐB - 0916.206.000- SRT DB-S8-9.6,47613,0,0
2026-09-21,1870368286813057,BĐS28,120250474724390245,21/9_Prima Bay T9 - Tân S8 ĐB - 0916.206.000- SRT DB-S8-9.6,48706,0,0
2026-09-21,1870368286813057,BĐS28,120250474730760245,21/9_Prima Bay T9 - Tân S8 ĐB - 0916.206.000- SRT DB-S8-9.6,35063,0,0
2026-09-21,1870368286813057,BĐS28,120250474733350245,21/9_Prima Bay T9 - Tân S8 ĐB - 0916.206.000- SRT DB-S8-9.6,42959,0,0
2026-09-10,415742411102279,BĐS20,120252080766230116,10/9_Astor Ciputra_A Duy_Cen Land _0936461086,219875,3,3
2026-09-10,415742411102279,BĐS20,120252080880020116,10/9_Astor Ciputra_A Duy_Cen Land _0936461086 - 1,190532,0,0
2026-09-10,415742411102279,BĐS20,120252080888710116,10/9_Astor Ciputra_A Duy_Cen Land _0936461086 - 2,206315,0,0
2026-09-11,415742411102279,BĐS20,120252080766230116,10/9_Astor Ciputra_A Duy_Cen Land _0936461086,765951,4,3
2026-09-11,415742411102279,BĐS20,120252080880020116,10/9_Astor Ciputra_A Duy_Cen Land _0936461086 - 1,64656,0,0
2026-09-11,415742411102279,BĐS20,120252080888710116,10/9_Astor Ciputra_A Duy_Cen Land _0936461086 - 2,236323,1,1
2026-09-12,415742411102279,BĐS20,120252080766230116,10/9_Astor Ciputra_A Duy_Cen Land _0936461086,886221,4,5
2026-09-12,415742411102279,BĐS20,120252080888710116,10/9_Astor Ciputra_A Duy_Cen Land _0936461086 - 2,102717,0,0
2026-09-13,415742411102279,BĐS20,120252080766230116,10/9_Astor Ciputra_A Duy_Cen Land _0936461086,1133858,4,4
2026-09-14,415742411102279,BĐS20,120252080766230116,10/9_Astor Ciputra_A Duy_Cen Land _0936461086,1157931,2,3
2026-09-15,415742411102279,BĐS20,120252080766230116,10/9_Astor Ciputra_A Duy_Cen Land _0936461086,1012741,3,3
2026-09-16,415742411102279,BĐS20,120252080766230116,10/9_Astor Ciputra_A Duy_Cen Land _0936461086,1429378,2,2
2026-09-17,415742411102279,BĐS20,120252080766230116,10/9_Astor Ciputra_A Duy_Cen Land _0936461086,2162935,2,4
2026-09-18,415742411102279,BĐS20,120252080766230116,10/9_Astor Ciputra_A Duy_Cen Land _0936461086,670834,0,1
2026-09-19,415742411102279,BĐS20,120252080766230116,10/9_Astor Ciputra_A Duy_Cen Land _0936461086,1044641,1,1
2026-09-20,415742411102279,BĐS20,120252080766230116,10/9_Astor Ciputra_A Duy_Cen Land _0936461086,950622,0,1
2026-09-21,415742411102279,BĐS20,120252080766230116,10/9_Astor Ciputra_A Duy_Cen Land _0936461086,485089,0,0
2026-09-22,415742411102279,BĐS20,120252080766230116,10/9_Astor Ciputra_A Duy_Cen Land _0936461086,459278,0,0
2026-09-22,415742411102279,BĐS20,120252273705170116,22/9_Astor Ciputra_A Duy_Cen Land _0936461086,654545,0,0
2026-09-22,415742411102279,BĐS20,120252273729380116,22/9_Astor Ciputra_A Duy_Cen Land _0936461086,334317,0,0
2026-09-22,415742411102279,BĐS20,120252273750540116,22/9_Astor Ciputra_A Duy_Cen Land _0936461086 - 2,206540,0,0
2026-09-23,415742411102279,BĐS20,120252273750540116,22/9_Astor Ciputra_A Duy_Cen Land _0936461086 - 2,39323,0,0
2026-09-23,415742411102279,BĐS20,120252289492250116,23/9_Astor Ciputra_A Duy_Cen Land _Quỳnh,367863,0,0
2026-09-23,415742411102279,BĐS20,120252294490800116,23/9_Astor Ciputra_A Duy_Cen Land,132375,0,0
2026-09-23,415742411102279,BĐS20,120252294713740116,23/9_Astor Ciputra_A Duy_Cen Land,103951,0,0
2026-09-24,415742411102279,BĐS20,120252289492250116,23/9_Astor Ciputra_A Duy_Cen Land _Quỳnh,457919,0,0
2026-09-24,415742411102279,BĐS20,120252294490800116,23/9_Astor Ciputra_A Duy_Cen Land,303515,0,0
2026-09-24,415742411102279,BĐS20,120252307508730116,24/9_Astor Ciputra_A Duy_Cen Land - poster,46212,0,0
2026-09-24,415742411102279,BĐS20,120252307656850116,24/9_Astor Ciputra_A Duy_Cen Land - poster,42049,0,0
2026-09-24,415742411102279,BĐS20,120252307715130116,24/9_Astor Ciputra_A Duy_Cen Land - poster,83682,0,0
2026-09-24,415742411102279,BĐS20,120252307732210116,24/9_Astor Ciputra_A Duy_Cen Land - poster,117452,0,0
2026-09-25,415742411102279,BĐS20,120252289492250116,23/9_Astor Ciputra_A Duy_Cen Land _Quỳnh,297375,0,0
2026-09-25,415742411102279,BĐS20,120252294490800116,23/9_Astor Ciputra_A Duy_Cen Land,30128,0,0
2026-09-25,415742411102279,BĐS20,120252318332620116,25/9_Astor Ciputra_A Duy_Cen Land_Nhiều số,115203,0,0
2026-09-25,415742411102279,BĐS20,120252318444720116,25/9_Astor Ciputra_A Duy_Cen Land_Nhiều số - 1,202933,0,0
2026-09-25,415742411102279,BĐS20,120252318451620116,25/9_Astor Ciputra_A Duy_Cen Land_Nhiều số - 2,115155,0,0
2026-09-25,415742411102279,BĐS20,120252325271130116,25/9_Astor Ciputra_A Duy_Cen Land_Nhiều số - 2,166689,0,0
2026-09-25,415742411102279,BĐS20,120252325543370116,25/9_Astor Ciputra_A Duy_Cen Land_Page mới,170940,1,1
2026-09-25,415742411102279,BĐS20,120252325645110116,25/9_Astor Ciputra_A Duy_Cen Land_Page mới - 1,162908,1,1
2026-09-25,415742411102279,BĐS20,120252325664760116,25/9_Astor Ciputra_A Duy_Cen Land_Page mới - 2,149524,0,0
2026-09-25,415742411102279,BĐS20,120252325678050116,25/9_Astor Ciputra_A Duy_Cen Land_Page mới - 3,170400,0,0
2026-09-26,415742411102279,BĐS20,120252289492250116,23/9_Astor Ciputra_A Duy_Cen Land _Quỳnh,11425,0,0
2026-09-26,415742411102279,BĐS20,120252325271130116,25/9_Astor Ciputra_A Duy_Cen Land_Nhiều số - 2,167404,0,0
2026-09-26,415742411102279,BĐS20,120252325543370116,25/9_Astor Ciputra_A Duy_Cen Land_Page mới,226008,0,1
2026-09-26,415742411102279,BĐS20,120252325645110116,25/9_Astor Ciputra_A Duy_Cen Land_Page mới - 1,232085,0,1
2026-09-26,415742411102279,BĐS20,120252325664760116,25/9_Astor Ciputra_A Duy_Cen Land_Page mới - 2,160895,0,0
2026-09-26,415742411102279,BĐS20,120252325678050116,25/9_Astor Ciputra_A Duy_Cen Land_Page mới - 3,223960,1,2
2026-09-27,415742411102279,BĐS20,120252325543370116,25/9_Astor Ciputra_A Duy_Cen Land_Page mới,14115,0,0
2026-09-27,415742411102279,BĐS20,120252325645110116,25/9_Astor Ciputra_A Duy_Cen Land_Page mới - 1,11679,0,0
2026-09-27,415742411102279,BĐS20,120252325678050116,25/9_Astor Ciputra_A Duy_Cen Land_Page mới - 3,858494,3,3
2026-09-27,415742411102279,BĐS20,120252343135760116,27/9_Astor Ciputra_A Duy_Cen Land_Page mới - 1,370,0,0
2026-09-27,415742411102279,BĐS20,120252343137520116,27/9_Astor Ciputra_A Duy_Cen Land_Page mới,278,0,0
2026-09-01,336132169295055,BÙI QUỐC HOÀNG,120258945685080386,28/8_Tuyển dụng_Cen Land,544152,3,3
2026-09-02,336132169295055,BÙI QUỐC HOÀNG,120258945685080386,28/8_Tuyển dụng_Cen Land,632108,8,7
2026-09-03,336132169295055,BÙI QUỐC HOÀNG,120258945685080386,28/8_Tuyển dụng_Cen Land,654753,13,12
2026-09-04,336132169295055,BÙI QUỐC HOÀNG,120258945685080386,28/8_Tuyển dụng_Cen Land,233149,4,3
2026-09-05,336132169295055,BÙI QUỐC HOÀNG,120258945685080386,28/8_Tuyển dụng_Cen Land,223201,6,6
2026-09-06,336132169295055,BÙI QUỐC HOÀNG,120258945685080386,28/8_Tuyển dụng_Cen Land,301609,0,0
2026-09-07,336132169295055,BÙI QUỐC HOÀNG,120258945685080386,28/8_Tuyển dụng_Cen Land,370882,5,4
2026-09-08,336132169295055,BÙI QUỐC HOÀNG,120258945685080386,28/8_Tuyển dụng_Cen Land,303705,2,2
2026-09-09,336132169295055,BÙI QUỐC HOÀNG,120258945685080386,28/8_Tuyển dụng_Cen Land,254965,6,6
2026-09-10,336132169295055,BÙI QUỐC HOÀNG,120258945685080386,28/8_Tuyển dụng_Cen Land,441354,9,8
2026-09-11,336132169295055,BÙI QUỐC HOÀNG,120258945685080386,28/8_Tuyển dụng_Cen Land,479307,5,4
2026-09-12,336132169295055,BÙI QUỐC HOÀNG,120258945685080386,28/8_Tuyển dụng_Cen Land,404161,11,9
2026-09-13,336132169295055,BÙI QUỐC HOÀNG,120258945685080386,28/8_Tuyển dụng_Cen Land,754428,11,10
2026-09-14,336132169295055,BÙI QUỐC HOÀNG,120258945685080386,28/8_Tuyển dụng_Cen Land,613299,6,6
2026-09-15,336132169295055,BÙI QUỐC HOÀNG,120258945685080386,28/8_Tuyển dụng_Cen Land,495571,6,5
2026-09-16,336132169295055,BÙI QUỐC HOÀNG,120258945685080386,28/8_Tuyển dụng_Cen Land,654625,10,9
2026-09-17,336132169295055,BÙI QUỐC HOÀNG,120258945685080386,28/8_Tuyển dụng_Cen Land,575851,9,9
2026-09-18,336132169295055,BÙI QUỐC HOÀNG,120258945685080386,28/8_Tuyển dụng_Cen Land,519527,3,3
2026-09-19,336132169295055,BÙI QUỐC HOÀNG,120258945685080386,28/8_Tuyển dụng_Cen Land,445058,4,4
2026-09-20,336132169295055,BÙI QUỐC HOÀNG,120258945685080386,28/8_Tuyển dụng_Cen Land,737324,5,5
2026-09-21,336132169295055,BÙI QUỐC HOÀNG,120258945685080386,28/8_Tuyển dụng_Cen Land,692856,7,6
2026-09-22,336132169295055,BÙI QUỐC HOÀNG,120258945685080386,28/8_Tuyển dụng_Cen Land,724352,6,6
2026-09-23,336132169295055,BÙI QUỐC HOÀNG,120258945685080386,28/8_Tuyển dụng_Cen Land,855234,10,9
2026-09-24,336132169295055,BÙI QUỐC HOÀNG,120258945685080386,28/8_Tuyển dụng_Cen Land,773092,4,5
2026-09-25,336132169295055,BÙI QUỐC HOÀNG,120258945685080386,28/8_Tuyển dụng_Cen Land,863788,10,10
2026-09-26,336132169295055,BÙI QUỐC HOÀNG,120258945685080386,28/8_Tuyển dụng_Cen Land,701951,8,7
2026-09-27,336132169295055,BÙI QUỐC HOÀNG,120258945685080386,28/8_Tuyển dụng_Cen Land,408386,0,0
2026-09-01,808016768171040,Hai san 4,120242695179230504,27/3_Sun Elite_A Duy_SRT - SRT DB-S9-9.2,1416963,3,2
2026-09-02,808016768171040,Hai san 4,120242695179230504,27/3_Sun Elite_A Duy_SRT - SRT DB-S9-9.2,2087934,8,8
2026-09-03,808016768171040,Hai san 4,120242695179230504,27/3_Sun Elite_A Duy_SRT - SRT DB-S9-9.2,1261836,2,2
2026-09-04,808016768171040,Hai san 4,120242695179230504,27/3_Sun Elite_A Duy_SRT - SRT DB-S9-9.2,2006065,1,2
2026-09-05,808016768171040,Hai san 4,120242695179230504,27/3_Sun Elite_A Duy_SRT - SRT DB-S9-9.2,2184699,3,2
2026-09-06,808016768171040,Hai san 4,120242695179230504,27/3_Sun Elite_A Duy_SRT - SRT DB-S9-9.2,1530251,5,5
2026-09-07,808016768171040,Hai san 4,120242695179230504,27/3_Sun Elite_A Duy_SRT - SRT DB-S9-9.2,1578767,7,7
2026-09-08,808016768171040,Hai san 4,120242695179230504,27/3_Sun Elite_A Duy_SRT - SRT DB-S9-9.2,1595946,6,7
2026-09-09,808016768171040,Hai san 4,120242695179230504,27/3_Sun Elite_A Duy_SRT - SRT DB-S9-9.2,1654228,5,7
2026-09-10,808016768171040,Hai san 4,120242695179230504,27/3_Sun Elite_A Duy_SRT - SRT DB-S9-9.2,1520387,4,3
2026-09-11,808016768171040,Hai san 4,120242695179230504,27/3_Sun Elite_A Duy_SRT - SRT DB-S9-9.2,1375989,1,1
2026-09-12,808016768171040,Hai san 4,120242695179230504,27/3_Sun Elite_A Duy_SRT - SRT DB-S9-9.2,1594432,4,4
2026-09-13,808016768171040,Hai san 4,120242695179230504,27/3_Sun Elite_A Duy_SRT - SRT DB-S9-9.2,1848134,1,2
2026-09-14,808016768171040,Hai san 4,120242695179230504,27/3_Sun Elite_A Duy_SRT - SRT DB-S9-9.2,1719846,2,2
2026-09-15,808016768171040,Hai san 4,120242695179230504,27/3_Sun Elite_A Duy_SRT - SRT DB-S9-9.2,1969700,0,0
2026-09-16,808016768171040,Hai san 4,120242695179230504,27/3_Sun Elite_A Duy_SRT - SRT DB-S9-9.2,1607120,1,1
2026-09-17,808016768171040,Hai san 4,120242695179230504,27/3_Sun Elite_A Duy_SRT - SRT DB-S9-9.2,2200217,3,2
2026-09-18,808016768171040,Hai san 4,120242695179230504,27/3_Sun Elite_A Duy_SRT - SRT DB-S9-9.2,2328191,5,7
2026-09-19,808016768171040,Hai san 4,120242695179230504,27/3_Sun Elite_A Duy_SRT - SRT DB-S9-9.2,1840400,0,0
2026-09-20,808016768171040,Hai san 4,120242695179230504,27/3_Sun Elite_A Duy_SRT - SRT DB-S9-9.2,2772633,2,3
2026-09-21,808016768171040,Hai san 4,120242695179230504,27/3_Sun Elite_A Duy_SRT - SRT DB-S9-9.2,2353628,2,3
2026-09-22,808016768171040,Hai san 4,120242695179230504,27/3_Sun Elite_A Duy_SRT - SRT DB-S9-9.2,2003141,1,1
2026-09-23,808016768171040,Hai san 4,120242695179230504,27/3_Sun Elite_A Duy_SRT - SRT DB-S9-9.2,1656401,2,2
2026-09-24,808016768171040,Hai san 4,120242695179230504,27/3_Sun Elite_A Duy_SRT - SRT DB-S9-9.2,1986401,4,4
2026-09-25,808016768171040,Hai san 4,120242695179230504,27/3_Sun Elite_A Duy_SRT - SRT DB-S9-9.2,1803360,2,1
2026-09-26,808016768171040,Hai san 4,120242695179230504,27/3_Sun Elite_A Duy_SRT - SRT DB-S9-9.2,1323447,3,3
2026-09-27,808016768171040,Hai san 4,120242695179230504,27/3_Sun Elite_A Duy_SRT - SRT DB-S9-9.2,578142,1,1
2026-09-05,495023493199051,Hai san 5,120250390168150697,9/5_Sun Centro C Yến Linh SRT ĐB - SRT DB-S8-9.3 - 0915534006,208489,0,0
2026-09-06,495023493199051,Hai san 5,120250390168150697,9/5_Sun Centro C Yến Linh SRT ĐB - SRT DB-S8-9.3 - 0915534006,378524,0,1
2026-09-06,495023493199051,Hai san 5,120250400107780697,9/5_Sun Centro C Yến Linh SRT ĐB - SRT DB-S8-9.3 - 0915534006,376918,0,0
2026-09-06,495023493199051,Hai san 5,120250400156000697,9/5_Sun Centro C Yến Linh SRT ĐB - SRT DB-S8-9.3 - 0915534006,123066,0,0
2026-09-06,495023493199051,Hai san 5,120250400163960697,9/5_Sun Centro C Yến Linh SRT ĐB - SRT DB-S8-9.3 - 0915534006 - m,252305,0,0
2026-09-06,495023493199051,Hai san 5,120250404246810697,9/5_Sun Centro C Yến Linh SRT ĐB - SRT DB-S8-9.3 - 0915534006,38566,0,0
2026-09-07,495023493199051,Hai san 5,120250400107780697,9/5_Sun Centro C Yến Linh SRT ĐB - SRT DB-S8-9.3 - 0915534006,208449,1,1
2026-09-07,495023493199051,Hai san 5,120250400156000697,9/5_Sun Centro C Yến Linh SRT ĐB - SRT DB-S8-9.3 - 0915534006,303431,1,1
2026-09-07,495023493199051,Hai san 5,120250400163960697,9/5_Sun Centro C Yến Linh SRT ĐB - SRT DB-S8-9.3 - 0915534006 - m,178190,0,0
2026-09-07,495023493199051,Hai san 5,120250404246810697,9/5_Sun Centro C Yến Linh SRT ĐB - SRT DB-S8-9.3 - 0915534006,210381,0,0
2026-09-07,495023493199051,Hai san 5,120250407775450697,9/5_Sun Centro C Yến Linh SRT ĐB - SRT DB-S8-9.3 - 0915534006,154086,0,0
2026-09-07,495023493199051,Hai san 5,120250407871690697,9/5_Sun Centro C Yến Linh SRT ĐB - SRT DB-S8-9.3 - 0915534006 - m - Bản sao,388355,0,0
2026-09-07,495023493199051,Hai san 5,120250408532850697,9/5_Sun Centro C Yến Linh SRT ĐB - SRT DB-S8-9.3 - 0915534006,110995,0,0
2026-09-08,495023493199051,Hai san 5,120250407775450697,9/5_Sun Centro C Yến Linh SRT ĐB - SRT DB-S8-9.3 - 0915534006,667331,2,2
2026-09-08,495023493199051,Hai san 5,120250408532850697,9/5_Sun Centro C Yến Linh SRT ĐB - SRT DB-S8-9.3 - 0915534006,478006,2,2
2026-09-08,495023493199051,Hai san 5,120250421742230697,8/9_Sun Centro C Yến Linh SRT ĐB - SRT DB-S8-9.3 - 0915534006 - Bản sao,299232,0,0
2026-09-09,495023493199051,Hai san 5,120250407775450697,9/5_Sun Centro C Yến Linh SRT ĐB - SRT DB-S8-9.3 - 0915534006,497761,0,0
2026-09-09,495023493199051,Hai san 5,120250408532850697,9/5_Sun Centro C Yến Linh SRT ĐB - SRT DB-S8-9.3 - 0915534006,736532,2,2
2026-09-09,495023493199051,Hai san 5,120250421742230697,8/9_Sun Centro C Yến Linh SRT ĐB - SRT DB-S8-9.3 - 0915534006 - Bản sao,231347,0,0
2026-09-10,495023493199051,Hai san 5,120250407775450697,9/5_Sun Centro C Yến Linh SRT ĐB - SRT DB-S8-9.3 - 0915534006,1988,0,0
2026-09-10,495023493199051,Hai san 5,120250408532850697,9/5_Sun Centro C Yến Linh SRT ĐB - SRT DB-S8-9.3 - 0915534006,933256,0,0
2026-09-10,495023493199051,Hai san 5,120250421742230697,8/9_Sun Centro C Yến Linh SRT ĐB - SRT DB-S8-9.3 - 0915534006 - Bản sao,47,0,0
2026-09-10,495023493199051,Hai san 5,120250450723430697,10/9_Sun Centro C Yến Linh SRT ĐB - SRT DB-S8-9.3 - 0915534006,276382,0,0
2026-09-10,495023493199051,Hai san 5,120250459747030697,10/9_Sun Centro C Yến Linh SRT ĐB - SRT DB-S8-9.3 - 0915534006,31572,0,0
2026-09-11,495023493199051,Hai san 5,120250408532850697,9/5_Sun Centro C Yến Linh SRT ĐB - SRT DB-S8-9.3 - 0915534006,1011295,2,2
2026-09-11,495023493199051,Hai san 5,120250459747030697,10/9_Sun Centro C Yến Linh SRT ĐB - SRT DB-S8-9.3 - 0915534006,497952,0,0
2026-09-12,495023493199051,Hai san 5,120250408532850697,9/5_Sun Centro C Yến Linh SRT ĐB - SRT DB-S8-9.3 - 0915534006,743757,1,2
2026-09-12,495023493199051,Hai san 5,120250459747030697,10/9_Sun Centro C Yến Linh SRT ĐB - SRT DB-S8-9.3 - 0915534006,33574,0,0
2026-09-12,495023493199051,Hai san 5,120250483241830697,10/9_Sun Centro C Yến Linh SRT ĐB - SRT DB-S8-9.3 - 0915534006,230435,0,0
2026-09-13,495023493199051,Hai san 5,120250408532850697,9/5_Sun Centro C Yến Linh SRT ĐB - SRT DB-S8-9.3 - 0915534006,363160,1,1
2026-09-13,495023493199051,Hai san 5,120250483241830697,10/9_Sun Centro C Yến Linh SRT ĐB - SRT DB-S8-9.3 - 0915534006,193465,0,0
2026-09-01,558774079961459,Hai San 6,120255501295150311,24/8_Sun Centro a Nam SRT ĐB - Hot: 0962186979 - SRT DB-S2-9.3,1017645,2,2
2026-09-02,558774079961459,Hai San 6,120255501295150311,24/8_Sun Centro a Nam SRT ĐB - Hot: 0962186979 - SRT DB-S2-9.3,1116951,2,2
2026-09-03,558774079961459,Hai San 6,120255501295150311,24/8_Sun Centro a Nam SRT ĐB - Hot: 0962186979 - SRT DB-S2-9.3,987237,2,3
2026-09-04,558774079961459,Hai San 6,120255501295150311,24/8_Sun Centro a Nam SRT ĐB - Hot: 0962186979 - SRT DB-S2-9.3,1657226,0,0
2026-09-05,558774079961459,Hai San 6,120255501295150311,24/8_Sun Centro a Nam SRT ĐB - Hot: 0962186979 - SRT DB-S2-9.3,927417,1,1
2026-09-05,558774079961459,Hai San 6,120255731745350311,5/9_Sun Centro a Nam SRT ĐB - Hot: 0962186979 - SRT DB-S2-9.3,196623,4,0
2026-09-06,558774079961459,Hai San 6,120255501295150311,24/8_Sun Centro a Nam SRT ĐB - Hot: 0962186979 - SRT DB-S2-9.3,0,0,1
2026-09-06,558774079961459,Hai San 6,120255731745350311,5/9_Sun Centro a Nam SRT ĐB - Hot: 0962186979 - SRT DB-S2-9.3,0,0,0
2026-09-07,558774079961459,Hai San 6,120255731745350311,5/9_Sun Centro a Nam SRT ĐB - Hot: 0962186979 - SRT DB-S2-9.3,0,0,0
2026-09-01,1170234301005040,Top 3,120251039742490661,13/8_Sun Urban City Quang Mạnh SRT ĐB 0394811552 - SRT DB-S5-9.1- Bản sao 3,472710,0,0
2026-09-01,1170234301005040,Top 3,120251382879400661,10/09_Sun Urban City_Quang Mạnh_SRT ĐB -SRT DB-S5-9.1 - Bản sao 2,132779,2,2
2026-09-01,1170234301005040,Top 3,120251382879420661,03/09_Sun Urban City Quang Mạnh SRT ĐB 0394811552 - SRT DB-S5-9.1 - Bản sao,265332,1,1
2026-09-02,1170234301005040,Top 3,120251039742490661,13/8_Sun Urban City Quang Mạnh SRT ĐB 0394811552 - SRT DB-S5-9.1- Bản sao 3,587922,3,3
2026-09-02,1170234301005040,Top 3,120251382879400661,10/09_Sun Urban City_Quang Mạnh_SRT ĐB -SRT DB-S5-9.1 - Bản sao 2,177618,1,1
2026-09-02,1170234301005040,Top 3,120251382879420661,03/09_Sun Urban City Quang Mạnh SRT ĐB 0394811552 - SRT DB-S5-9.1 - Bản sao,145526,0,0
2026-09-02,1170234301005040,Top 3,120251402350040661,03/09_Sun Urban City Quang Mạnh SRT ĐB 0394811552 - SRT DB-S5-9.1 - Bản sao 2,87420,0,0
2026-09-03,1170234301005040,Top 3,120251039742490661,13/8_Sun Urban City Quang Mạnh SRT ĐB 0394811552 - SRT DB-S5-9.1- Bản sao 3,453361,1,1
2026-09-03,1170234301005040,Top 3,120251382879400661,10/09_Sun Urban City_Quang Mạnh_SRT ĐB -SRT DB-S5-9.1 - Bản sao 2,108930,0,0
2026-09-03,1170234301005040,Top 3,120251402350040661,03/09_Sun Urban City Quang Mạnh SRT ĐB 0394811552 - SRT DB-S5-9.1 - Bản sao 2,126222,0,0
2026-09-04,1170234301005040,Top 3,120251039742490661,13/8_Sun Urban City Quang Mạnh SRT ĐB 0394811552 - SRT DB-S5-9.1- Bản sao 3,484342,2,2
2026-09-04,1170234301005040,Top 3,120251382879400661,10/09_Sun Urban City_Quang Mạnh_SRT ĐB -SRT DB-S5-9.1 - Bản sao 2,389085,3,3
2026-09-04,1170234301005040,Top 3,120251402350040661,03/09_Sun Urban City Quang Mạnh SRT ĐB 0394811552 - SRT DB-S5-9.1 - Bản sao 2,32288,0,0
2026-09-05,1170234301005040,Top 3,120251039742490661,13/8_Sun Urban City Quang Mạnh SRT ĐB 0394811552 - SRT DB-S5-9.1- Bản sao 3,514881,2,1
2026-09-05,1170234301005040,Top 3,120251382879400661,10/09_Sun Urban City_Quang Mạnh_SRT ĐB -SRT DB-S5-9.1 - Bản sao 2,377058,2,2
2026-09-06,1170234301005040,Top 3,120251039742490661,13/8_Sun Urban City Quang Mạnh SRT ĐB 0394811552 - SRT DB-S5-9.1- Bản sao 3,822747,1,1
2026-09-06,1170234301005040,Top 3,120251382879400661,10/09_Sun Urban City_Quang Mạnh_SRT ĐB -SRT DB-S5-9.1 - Bản sao 2,495243,1,1
2026-09-07,1170234301005040,Top 3,120251039742490661,13/8_Sun Urban City Quang Mạnh SRT ĐB 0394811552 - SRT DB-S5-9.1- Bản sao 3,614082,4,3
2026-09-07,1170234301005040,Top 3,120251382879400661,10/09_Sun Urban City_Quang Mạnh_SRT ĐB -SRT DB-S5-9.1 - Bản sao 2,479684,2,2
2026-09-08,1170234301005040,Top 3,120248363615390661,2/6_Prima Bay_a Hiếu Sơn - SRT DB-S8-9.4,871124,1,1
2026-09-08,1170234301005040,Top 3,120251039742490661,13/8_Sun Urban City Quang Mạnh SRT ĐB 0394811552 - SRT DB-S5-9.1- Bản sao 3,600382,1,1
2026-09-08,1170234301005040,Top 3,120251382879400661,10/09_Sun Urban City_Quang Mạnh_SRT ĐB -SRT DB-S5-9.1 - Bản sao 2,410323,1,0
2026-09-09,1170234301005040,Top 3,120248363615390661,2/6_Prima Bay_a Hiếu Sơn - SRT DB-S8-9.4,1419702,0,0
2026-09-09,1170234301005040,Top 3,120251039742490661,13/8_Sun Urban City Quang Mạnh SRT ĐB 0394811552 - SRT DB-S5-9.1- Bản sao 3,582975,0,0
2026-09-09,1170234301005040,Top 3,120251382879400661,10/09_Sun Urban City_Quang Mạnh_SRT ĐB -SRT DB-S5-9.1 - Bản sao 2,433692,1,1
2026-09-10,1170234301005040,Top 3,120248363615390661,2/6_Prima Bay_a Hiếu Sơn - SRT DB-S8-9.4,848416,1,1
2026-09-10,1170234301005040,Top 3,120251039742490661,13/8_Sun Urban City Quang Mạnh SRT ĐB 0394811552 - SRT DB-S5-9.1- Bản sao 3,281273,0,0
2026-09-10,1170234301005040,Top 3,120251382879400661,10/09_Sun Urban City_Quang Mạnh_SRT ĐB -SRT DB-S5-9.1 - Bản sao 2,626895,2,1
2026-09-10,1170234301005040,Top 3,120251528736690661,10/9_Sun Urban City Quang Mạnh SRT ĐB 0394811552 - SRT DB-S5-9.1,147646,1,1
2026-09-11,1170234301005040,Top 3,120248363615390661,2/6_Prima Bay_a Hiếu Sơn - SRT DB-S8-9.4,990439,3,5
2026-09-11,1170234301005040,Top 3,120251382879400661,10/09_Sun Urban City_Quang Mạnh_SRT ĐB -SRT DB-S5-9.1 - Bản sao 2,751515,3,1
2026-09-11,1170234301005040,Top 3,120251528736690661,10/9_Sun Urban City Quang Mạnh SRT ĐB 0394811552 - SRT DB-S5-9.1,140901,0,0
2026-09-11,1170234301005040,Top 3,120251544398720661,10/9_Sun Urban City Quang Mạnh SRT ĐB 0394811552 - SRT DB-S5-9.1 - Bản sao,136299,0,0
2026-09-12,1170234301005040,Top 3,120248363615390661,2/6_Prima Bay_a Hiếu Sơn - SRT DB-S8-9.4,606040,1,3
2026-09-12,1170234301005040,Top 3,120251382879400661,10/09_Sun Urban City_Quang Mạnh_SRT ĐB -SRT DB-S5-9.1 - Bản sao 2,563483,1,1
2026-09-12,1170234301005040,Top 3,120251544398720661,10/9_Sun Urban City Quang Mạnh SRT ĐB 0394811552 - SRT DB-S5-9.1 - Bản sao,212697,0,0
2026-09-13,1170234301005040,Top 3,120248363615390661,2/6_Prima Bay_a Hiếu Sơn - SRT DB-S8-9.4,1524131,0,1
2026-09-13,1170234301005040,Top 3,120251382879400661,10/09_Sun Urban City_Quang Mạnh_SRT ĐB -SRT DB-S5-9.1 - Bản sao 2,756751,1,2
2026-09-13,1170234301005040,Top 3,120251544398720661,10/9_Sun Urban City Quang Mạnh SRT ĐB 0394811552 - SRT DB-S5-9.1 - Bản sao,169912,0,1
2026-09-13,1170234301005040,Top 3,120251567848290661,10/9_Sun Urban City Quang Mạnh SRT ĐB 0394811552 - SRT DB-S5-9.1- Bản sao 2,111328,0,0
2026-09-14,1170234301005040,Top 3,120248363615390661,2/6_Prima Bay_a Hiếu Sơn - SRT DB-S8-9.4,1140382,3,6
2026-09-14,1170234301005040,Top 3,120251382879400661,10/09_Sun Urban City_Quang Mạnh_SRT ĐB -SRT DB-S5-9.1 - Bản sao 2,712127,4,4
2026-09-14,1170234301005040,Top 3,120251544398720661,10/9_Sun Urban City Quang Mạnh SRT ĐB 0394811552 - SRT DB-S5-9.1 - Bản sao,117282,0,0
2026-09-14,1170234301005040,Top 3,120251567848290661,10/9_Sun Urban City Quang Mạnh SRT ĐB 0394811552 - SRT DB-S5-9.1- Bản sao 2,114113,0,0
2026-09-15,1170234301005040,Top 3,120248363615390661,2/6_Prima Bay_a Hiếu Sơn - SRT DB-S8-9.4,928986,0,3
2026-09-15,1170234301005040,Top 3,120251382879400661,10/09_Sun Urban City_Quang Mạnh_SRT ĐB -SRT DB-S5-9.1 - Bản sao 2,858069,3,3
2026-09-15,1170234301005040,Top 3,120251544398720661,10/9_Sun Urban City Quang Mạnh SRT ĐB 0394811552 - SRT DB-S5-9.1 - Bản sao,148194,0,0
2026-09-15,1170234301005040,Top 3,120251567848290661,10/9_Sun Urban City Quang Mạnh SRT ĐB 0394811552 - SRT DB-S5-9.1- Bản sao 2,24578,0,0
2026-09-16,1170234301005040,Top 3,120248363615390661,2/6_Prima Bay_a Hiếu Sơn - SRT DB-S8-9.4,1229174,0,2
2026-09-16,1170234301005040,Top 3,120251382879400661,10/09_Sun Urban City_Quang Mạnh_SRT ĐB -SRT DB-S5-9.1 - Bản sao 2,988032,5,5
2026-09-16,1170234301005040,Top 3,120251544398720661,10/9_Sun Urban City Quang Mạnh SRT ĐB 0394811552 - SRT DB-S5-9.1 - Bản sao,32752,0,0
2026-09-16,1170234301005040,Top 3,120251614410410661,10/9_Sun Urban City Quang Mạnh SRT ĐB 0394811552 - SRT DB-S5-9.1 - Bản sao 2,186548,1,1
2026-09-17,1170234301005040,Top 3,120248363615390661,2/6_Prima Bay_a Hiếu Sơn - SRT DB-S8-9.4,1610049,0,4
2026-09-17,1170234301005040,Top 3,120251382879400661,10/09_Sun Urban City_Quang Mạnh_SRT ĐB -SRT DB-S5-9.1 - Bản sao 2,895053,2,2
2026-09-17,1170234301005040,Top 3,120251614410410661,10/9_Sun Urban City Quang Mạnh SRT ĐB 0394811552 - SRT DB-S5-9.1 - Bản sao 2,316448,1,1
2026-09-18,1170234301005040,Top 3,120248363615390661,2/6_Prima Bay_a Hiếu Sơn - SRT DB-S8-9.4,371313,0,0
2026-09-18,1170234301005040,Top 3,120251382879400661,10/09_Sun Urban City_Quang Mạnh_SRT ĐB -SRT DB-S5-9.1 - Bản sao 2,617206,0,0
2026-09-18,1170234301005040,Top 3,120251614410410661,10/9_Sun Urban City Quang Mạnh SRT ĐB 0394811552 - SRT DB-S5-9.1 - Bản sao 2,283108,0,0
2026-09-18,1170234301005040,Top 3,120251654131580661,18/09_Sun Urban City_Quang Mạnh_SRT ĐB -SRT DB-S5-9.1 - Bản sao 3,76509,0,1
2026-09-19,1170234301005040,Top 3,120251382879400661,10/09_Sun Urban City_Quang Mạnh_SRT ĐB -SRT DB-S5-9.1 - Bản sao 2,593968,0,0
2026-09-19,1170234301005040,Top 3,120251614410410661,10/9_Sun Urban City Quang Mạnh SRT ĐB 0394811552 - SRT DB-S5-9.1 - Bản sao 2,143249,0,0
2026-09-19,1170234301005040,Top 3,120251654131580661,18/09_Sun Urban City_Quang Mạnh_SRT ĐB -SRT DB-S5-9.1 - Bản sao 3,94399,1,1
2026-09-19,1170234301005040,Top 3,120251670927480661,19/9_Sun Urban City Quang Mạnh SRT ĐB 0394811552 - SRT DB-S5-9.1 - Bản sao 3,117989,0,0
2026-09-20,1170234301005040,Top 3,120251382879400661,10/09_Sun Urban City_Quang Mạnh_SRT ĐB -SRT DB-S5-9.1 - Bản sao 2,771701,2,2
2026-09-20,1170234301005040,Top 3,120251654131580661,18/09_Sun Urban City_Quang Mạnh_SRT ĐB -SRT DB-S5-9.1 - Bản sao 3,404703,2,1
2026-09-20,1170234301005040,Top 3,120251670927480661,19/9_Sun Urban City Quang Mạnh SRT ĐB 0394811552 - SRT DB-S5-9.1 - Bản sao 3,321942,1,1
2026-09-21,1170234301005040,Top 3,120251382879400661,10/09_Sun Urban City_Quang Mạnh_SRT ĐB -SRT DB-S5-9.1 - Bản sao 2,623193,0,1
2026-09-21,1170234301005040,Top 3,120251654131580661,18/09_Sun Urban City_Quang Mạnh_SRT ĐB -SRT DB-S5-9.1 - Bản sao 3,530557,1,1
2026-09-21,1170234301005040,Top 3,120251670927480661,19/9_Sun Urban City Quang Mạnh SRT ĐB 0394811552 - SRT DB-S5-9.1 - Bản sao 3,67610,0,0
2026-09-21,1170234301005040,Top 3,120251690722740661,19/9_Sun Urban City Quang Mạnh SRT ĐB 0394811552 - SRT DB-S5-9.1 - Bản sao 4,192355,1,1
2026-09-22,1170234301005040,Top 3,120251382879400661,10/09_Sun Urban City_Quang Mạnh_SRT ĐB -SRT DB-S5-9.1 - Bản sao 2,733027,1,1
2026-09-22,1170234301005040,Top 3,120251654131580661,18/09_Sun Urban City_Quang Mạnh_SRT ĐB -SRT DB-S5-9.1 - Bản sao 3,471905,4,4
2026-09-22,1170234301005040,Top 3,120251690722740661,19/9_Sun Urban City Quang Mạnh SRT ĐB 0394811552 - SRT DB-S5-9.1 - Bản sao 4,116247,0,0
2026-09-22,1170234301005040,Top 3,120251707593590661,19/9_Sun Urban City Quang Mạnh SRT ĐB 0394811552 - SRT DB-S5-9.1 - Bản sao 5,206826,0,0
2026-09-23,1170234301005040,Top 3,120251382879400661,10/09_Sun Urban City_Quang Mạnh_SRT ĐB -SRT DB-S5-9.1 - Bản sao 2,634677,2,2
2026-09-23,1170234301005040,Top 3,120251654131580661,18/09_Sun Urban City_Quang Mạnh_SRT ĐB -SRT DB-S5-9.1 - Bản sao 3,386302,0,0
2026-09-23,1170234301005040,Top 3,120251707593590661,19/9_Sun Urban City Quang Mạnh SRT ĐB 0394811552 - SRT DB-S5-9.1 - Bản sao 5,88482,0,0
2026-09-23,1170234301005040,Top 3,120251722816480661,10/9_Sun Urban City Quang Mạnh SRT ĐB 0394811552 - SRT DB-S5-9.1 - Bản sao 3,209952,0,0
2026-09-24,1170234301005040,Top 3,120251382879400661,10/09_Sun Urban City_Quang Mạnh_SRT ĐB -SRT DB-S5-9.1 - Bản sao 2,503295,3,2
2026-09-24,1170234301005040,Top 3,120251654131580661,18/09_Sun Urban City_Quang Mạnh_SRT ĐB -SRT DB-S5-9.1 - Bản sao 3,268190,1,1
2026-09-24,1170234301005040,Top 3,120251722816480661,10/9_Sun Urban City Quang Mạnh SRT ĐB 0394811552 - SRT DB-S5-9.1 - Bản sao 3,62029,0,0
2026-09-24,1170234301005040,Top 3,120251741494320661,15/9_Sun Urban City Quang Mạnh SRT ĐB 0394811552 - SRT DB-S5-9.1 - Bản sao 3,108162,0,0
2026-09-25,1170234301005040,Top 3,120251382879400661,10/09_Sun Urban City_Quang Mạnh_SRT ĐB -SRT DB-S5-9.1 - Bản sao 2,679772,1,1
2026-09-25,1170234301005040,Top 3,120251654131580661,18/09_Sun Urban City_Quang Mạnh_SRT ĐB -SRT DB-S5-9.1 - Bản sao 3,419085,0,2
2026-09-25,1170234301005040,Top 3,120251741494320661,15/9_Sun Urban City Quang Mạnh SRT ĐB 0394811552 - SRT DB-S5-9.1 - Bản sao 3,136611,2,1
2026-09-26,1170234301005040,Top 3,120251382879400661,10/09_Sun Urban City_Quang Mạnh_SRT ĐB -SRT DB-S5-9.1 - Bản sao 2,662513,2,3
2026-09-26,1170234301005040,Top 3,120251654131580661,18/09_Sun Urban City_Quang Mạnh_SRT ĐB -SRT DB-S5-9.1 - Bản sao 3,350202,2,2
2026-09-26,1170234301005040,Top 3,120251741494320661,15/9_Sun Urban City Quang Mạnh SRT ĐB 0394811552 - SRT DB-S5-9.1 - Bản sao 3,73538,0,1
2026-09-26,1170234301005040,Top 3,120251776671710661,15/9_Sun Urban City Quang Mạnh SRT ĐB 0394811552 - SRT DB-S5-9.1 - Bản sao 4,66408,0,0
2026-09-27,1170234301005040,Top 3,120251382879400661,10/09_Sun Urban City_Quang Mạnh_SRT ĐB -SRT DB-S5-9.1 - Bản sao 2,367799,1,1
2026-09-27,1170234301005040,Top 3,120251654131580661,18/09_Sun Urban City_Quang Mạnh_SRT ĐB -SRT DB-S5-9.1 - Bản sao 3,237683,2,2
2026-09-27,1170234301005040,Top 3,120251776671710661,15/9_Sun Urban City Quang Mạnh SRT ĐB 0394811552 - SRT DB-S5-9.1 - Bản sao 4,109168,0,0
2026-09-01,4072718356388271,Top 1,120249832866590507,MKT Sun Urban A Năng Đặng S6 SRT ĐB 0866777362 - SRT DB - S6 - 8.5 01/09,420044,1,1
2026-09-02,4072718356388271,Top 1,120249832866590507,MKT Sun Urban A Năng Đặng S6 SRT ĐB 0866777362 - SRT DB - S6 - 8.5 01/09,662054,1,1
2026-09-07,681525711195728,Top 4,120247655084770436,7/9_Prima Bay_a Hiếu Sơn_SRT DB-S8-9.4,139646,0,0
2026-09-08,681525711195728,Top 4,120247666368540436,7/9_Prima Bay_a Hiếu Sơn_SRT DB-S8-9.4 - Bản sao,304081,0,0
2026-09-08,681525711195728,Top 4,120247669616580436,9/9_Prima Bay_a Hiếu Sơn_SRT DB-S8-9.4 - Bản sao,191728,0,0
2026-09-08,681525711195728,Top 4,120247670579890436,9/9_Prima Bay_a Hiếu Sơn_SRT DB-S8-9.4 - Bản sao 2,139761,0,0
2026-09-09,681525711195728,Top 4,120247666368540436,7/9_Prima Bay_a Hiếu Sơn_SRT DB-S8-9.4 - Bản sao,116284,0,0
2026-09-09,681525711195728,Top 4,120247669616580436,9/9_Prima Bay_a Hiếu Sơn_SRT DB-S8-9.4 - Bản sao,79333,0,0
2026-09-09,681525711195728,Top 4,120247670579890436,9/9_Prima Bay_a Hiếu Sơn_SRT DB-S8-9.4 - Bản sao 2,245305,0,0
2026-09-10,681525711195728,Top 4,120247670579890436,9/9_Prima Bay_a Hiếu Sơn_SRT DB-S8-9.4 - Bản sao 2,36236,0,0
